title,all_artists,popularity,release_date,danceability,energy,key,loudness,mode,acousticness,instrumentalness,liveness,valence,tempo,duration_ms,time_signature
Blinding Lights,The Weeknd,19,11/29/19,0.513,0.796,1,-4.075,1,0.00147,0.000209,0.0938,0.345,171.017,201573,4
Watermelon Sugar,Harry Styles,90,12/13/19,0.548,0.816,0,-4.209,1,0.122,0,0.335,0.557,95.39,174000,4
The Box,Roddy Ricch,81,12/6/19,0.896,0.586,10,-6.687,0,0.104,0,0.79,0.642,116.971,196653,4
positions,Ariana Grande,5,10/23/20,0.736,0.802,0,-4.759,1,0.468,0,0.094,0.675,144.005,172325,4
Break My Heart,Dua Lipa,68,3/25/20,0.73,0.729,4,-3.434,0,0.167,1.39E-06,0.349,0.467,113.012,221820,4
Say So,Doja Cat,81,11/7/19,0.787,0.673,11,-4.583,0,0.264,3.35E-06,0.0904,0.779,110.962,237893,4
Rain On Me (with Ariana Grande),Ariana Grande,75,5/22/20,0.672,0.855,9,-3.764,1,0.021,0,0.323,0.646,123.056,182200,4
Intentions (feat. Quavo),Quavo,77,2/14/20,0.806,0.546,9,-6.637,1,0.3,0,0.102,0.874,147.986,212867,4
ROCKSTAR (feat. Roddy Ricch),Roddy Ricch,81,4/17/20,0.746,0.69,11,-7.956,1,0.247,0,0.101,0.497,89.977,181733,4
Mood (feat. iann dior),iann dior,23,7/24/20,0.7,0.722,7,-3.558,0,0.221,0,0.272,0.756,90.989,140526,4
What You Know Bout Love,Pop Smoke,81,7/3/20,0.709,0.548,10,-8.493,1,0.65,1.59E-06,0.133,0.543,83.995,160000,4
WAP (feat. Megan Thee Stallion),Megan Thee Stallion,81,8/7/20,0.935,0.454,1,-7.509,1,0.0194,0,0.0824,0.357,133.073,187541,4
death bed (coffee for your head),beabadoobee,83,2/8/20,0.726,0.431,8,-8.765,0,0.731,0,0.696,0.348,144.026,173333,4
cardigan,Taylor Swift,50,7/24/20,0.613,0.581,0,-8.588,0,0.537,0.000345,0.25,0.551,130.033,239560,4
Dynamite,BTS,1,8/21/20,0.746,0.765,6,-4.41,0,0.0112,0,0.0936,0.737,114.044,199054,4
Roses - Imanbek Remix,Imanbek,61,9/13/19,0.785,0.721,8,-5.457,1,0.0149,0.00432,0.285,0.894,121.962,176219,4
Toosie Slide,Drake,74,4/3/20,0.834,0.454,1,-9.75,0,0.321,6.15E-06,0.114,0.837,81.618,247059,4
"Lemonade (feat. Gunna, Don Toliver & NAV)",NAV,57,8/29/20,0.8,0.658,1,-6.142,0,0.25,0,0.111,0.462,140.042,195429,4
Blueberry Faygo,Lil Mosey,76,2/6/20,0.774,0.554,0,-7.909,1,0.207,0,0.132,0.349,99.034,162547,4
Dance Monkey,Tones And I,64,5/10/19,0.826,0.593,6,-6.401,0,0.688,0.000161,0.17,0.541,98.083,209755,4
Don't Start Now,Dua Lipa,80,10/31/19,0.794,0.793,11,-4.521,0,0.0125,0,0.0952,0.677,123.941,183290,4
Come & Go (with Marshmello),Marshmello,64,7/9/20,0.625,0.811,0,-5.183,1,0.0173,0,0.16,0.532,144.994,205485,4
Stuck with U (with Justin Bieber),Justin Bieber,83,5/8/20,0.597,0.45,8,-6.658,1,0.223,0,0.382,0.537,178.765,228482,3
Monster (Shawn Mendes & Justin Bieber),Justin Bieber,74,11/20/20,0.652,0.383,2,-7.076,0,0.0676,0,0.0828,0.549,145.765,178994,4
Life Is Good (feat. Drake),Drake,72,5/15/20,0.795,0.574,2,-6.903,0,0.067,0,0.15,0.537,142.053,237918,4
Falling,Trevor Daniel,5,3/26/20,0.784,0.43,10,-8.756,0,0.123,0,0.0887,0.236,127.087,159382,4
DAKITI,Jhay Cortez,83,10/30/20,0.731,0.573,4,-10.059,0,0.401,5.22E-05,0.113,0.145,109.928,205090,4
Savage Remix (feat. Beyonce),Beyonce,68,4/29/20,0.822,0.743,10,-4.772,0,0.016,0,0.127,0.636,84.459,242001,4
you broke me first,Tate McRae,83,4/17/20,0.667,0.373,4,-9.389,1,0.785,0,0.0906,0.0823,124.148,169266,4
Circles,Post Malone,87,9/6/19,0.695,0.762,0,-3.497,1,0.192,0.00244,0.0863,0.553,120.042,215280,4
Midnight Sky,Miley Cyrus,30,8/14/20,0.705,0.814,4,-5.466,0,0.00115,0.00312,0.203,0.259,110,223279,4
Yummy,Justin Bieber,70,1/3/20,0.687,0.514,9,-6.612,0,0.366,0,0.116,0.494,145.921,210427,4
Before You Go,Lewis Capaldi,82,11/22/19,0.459,0.575,3,-4.858,1,0.604,0,0.0885,0.183,111.881,215107,4
You should be sad,Halsey,74,1/17/20,0.591,0.585,2,-6.35,1,0.143,0,0.109,0.324,110.94,205473,4
Adore You,Harry Styles,86,12/13/19,0.676,0.771,8,-3.675,1,0.0237,7.00E-06,0.102,0.569,99.048,207133,4
How You Like That,BLACKPINK,10,6/26/20,0.828,0.782,11,-4.014,1,0.0694,3.41E-05,0.0544,0.351,130.013,181264,4
Party Girl,StaySolidRocky,72,4/21/20,0.728,0.431,6,-9.966,0,0.749,0,0.0996,0.629,130.022,147800,4
ROXANNE,Arizona Zervas,79,10/10/19,0.621,0.601,6,-5.616,0,0.0522,0,0.46,0.457,116.735,163636,5
For The Night (feat. Lil Baby & DaBaby),DaBaby,81,7/3/20,0.823,0.586,6,-6.606,0,0.114,0,0.193,0.347,125.971,190476,4
POPSTAR (feat. Drake),Drake,75,7/17/20,0.8,0.56,5,-4.818,0,0.057,0,0.134,0.45,163.071,200221,4
Memories,Maroon 5,34,9/20/19,0.764,0.32,11,-7.209,1,0.837,0,0.0822,0.575,91.019,189486,4
Therefore I Am,Billie Eilish,76,11/12/20,0.889,0.34,11,-7.773,0,0.218,0.13,0.055,0.716,94.009,174321,4
That Way - Bonus Track,Lil Uzi Vert,65,3/6/20,0.712,0.598,7,-5.368,0,0.0546,0,0.154,0.504,130.007,212354,4
Sunday Best,Surfaces,78,1/6/19,0.878,0.525,5,-6.832,1,0.183,0,0.0714,0.694,112.022,158571,4
34+35,Ariana Grande,81,10/30/20,0.83,0.585,0,-6.476,1,0.237,0,0.248,0.485,109.978,173711,4
Prisoner (feat. Dua Lipa),Dua Lipa,32,11/20/20,0.781,0.67,3,-3.912,0,0.0103,0,0.0761,0.595,127.99,169333,4
Levitating (feat. DaBaby),DaBaby,79,10/1/20,0.702,0.825,6,-3.787,0,0.00883,0,0.0674,0.915,102.977,203064,4
THE SCOTTS,Kid Cudi,77,4/24/20,0.716,0.537,0,-7.648,0,0.233,0,0.157,0.28,129.979,165978,4
"WHATS POPPIN (feat. DaBaby, Tory Lanez & Lil Wayne) - Remix",Lil Wayne,76,6/24/20,0.904,0.723,11,-5.224,0,0.0631,0,0.185,0.835,145.013,227478,4
Breaking Me,A7S,79,12/19/19,0.789,0.72,8,-5.652,0,0.223,0,0.129,0.664,122.031,166794,4
Head & Heart (feat. MNEK),MNEK,82,7/3/20,0.734,0.874,8,-3.158,1,0.168,1.14E-05,0.0489,0.905,122.953,166028,4
Savage Love (Laxed - Siren Beat),Jason Derulo,78,6/11/20,0.767,0.481,0,-8.52,0,0.234,0,0.269,0.761,150.076,171375,4
Put Your Records On,Ritt Momney,78,4/24/20,0.399,0.491,6,-10.778,0,0.0563,0.00089,0.11,0.151,91.066,210463,4
Laugh Now Cry Later (feat. Lil Durk),Lil Durk,80,8/14/20,0.761,0.518,0,-8.871,1,0.244,3.47E-05,0.107,0.522,133.976,261493,4
Godzilla (feat. Juice WRLD),Juice WRLD,84,1/17/20,0.808,0.745,10,-5.26,0,0.145,0,0.292,0.829,165.995,210800,4
Holy (feat. Chance The Rapper),Chance the Rapper,75,9/18/20,0.673,0.704,6,-8.056,1,0.196,0,0.0898,0.372,86.919,212093,4
In Your Eyes,The Weeknd,79,3/20/20,0.667,0.719,7,-5.371,0,0.00285,8.10E-05,0.0736,0.717,100.021,237520,4
Supalonely (feat. Gus Dapperton),Gus Dapperton,63,11/13/20,0.862,0.631,7,-4.746,1,0.291,0.000209,0.123,0.841,128.978,223488,4
Rare,Selena Gomez,65,1/10/20,0.838,0.545,5,-6.713,1,0.208,8.01E-05,0.103,0.631,114.998,220590,4
my ex's best friend (with blackbear),blackbear,2,8/7/20,0.728,0.685,5,-5.096,0,0.00391,0,0.152,0.33,124.934,138970,4
ON (Feat. Sia),Sia,2,2/21/20,0.591,0.848,9,-4.397,0,0.137,0,0.372,0.386,105.922,246816,4
MAMACITA,J. Rey Soul,71,4/10/20,0.894,0.635,2,-6.929,1,0.193,0.00105,0.0823,0.428,105.013,249143,4
Tusa,Nicki Minaj,79,11/7/19,0.803,0.715,2,-3.28,1,0.295,0.000134,0.0574,0.574,101.085,200960,4
everything i wanted,Billie Eilish,84,11/13/19,0.704,0.225,6,-14.454,0,0.902,0.657,0.106,0.243,120.006,245426,4
Be Kind (with Halsey),Halsey,78,5/1/20,0.63,0.633,4,-7.088,1,0.00776,0,0.0541,0.452,93.995,172762,4
Someone You Loved,Lewis Capaldi,86,5/17/19,0.501,0.405,1,-5.679,1,0.751,0,0.105,0.446,109.891,182161,4
Ride It,Regard,82,7/26/19,0.88,0.751,7,-4.258,0,0.177,6.43E-05,0.106,0.884,117.948,157606,4
Lonely (with benny blanco),benny blanco,75,10/16/20,0.631,0.239,11,-7.071,0,0.864,0,0.116,0.0927,79.859,149297,4
UN DIA (ONE DAY) (Feat. Tainy),Tainy,76,7/24/20,0.571,0.693,6,-8.234,0,0.00536,0,0.173,0.393,168.169,232253,4
ily (i love you baby) (feat. Emilee),Emilee,79,11/26/19,0.674,0.774,11,-7.567,0,0.0686,0.00188,0.393,0.33,112.05,176547,4
Physical,Dua Lipa,75,3/27/20,0.647,0.844,0,-3.756,1,0.0137,0.000658,0.102,0.746,146.967,193829,4
Hawai,Maluma,77,8/21/20,0.783,0.727,6,-3.454,0,0.185,2.46E-05,0.0626,0.558,180.067,199112,4
If the World Was Ending (feat. Julia Michaels),Julia Michaels,79,10/17/19,0.464,0.473,1,-10.086,1,0.866,0,0.109,0.604,75.801,208687,4
RITMO (Bad Boys For Life),J Balvin,45,6/18/20,0.723,0.704,10,-7.088,0,0.0259,0.00109,0.792,0.684,105.095,214935,4
Sour Candy (with BLACKPINK),BLACKPINK,68,5/28/20,0.752,0.87,9,-3.812,0,0.0604,1.12E-05,0.489,0.784,120.006,157707,4
Wishing Well,Juice WRLD,3,7/10/20,0.65,0.613,9,-6.13,0,0.00336,0,0.267,0.0804,149.972,194621,4
Play Date,Melanie Martinez,79,8/14/15,0.68,0.729,5,-5.077,1,0.612,0,0.224,0.446,123.97,179867,4
Know Your Worth,Disclosure,72,2/4/20,0.79,0.694,9,-7.726,0,0.145,0.00252,0.281,0.508,103.007,181436,4
Sunflower - Spider-Man: Into the Spider-Verse,Swae Lee,80,9/6/19,0.755,0.522,2,-4.368,1,0.533,0,0.0685,0.925,89.96,157560,4
Ice Cream (with Selena Gomez),Selena Gomez,67,8/28/20,0.79,0.729,9,-3.843,1,0.0342,9.31E-05,0.0411,0.904,159.989,175813,4
bad guy,Billie Eilish,84,3/29/19,0.701,0.425,7,-10.965,1,0.328,0.13,0.1,0.562,135.128,194088,4
Go Crazy,Young Thug,78,5/8/20,0.755,0.578,0,-8.932,0,0.316,0,0.25,0.581,94.148,176960,4
Wonder,Shawn Mendes,72,10/2/20,0.333,0.637,1,-4.904,0,0.131,1.80E-05,0.149,0.132,139.898,172693,4
TKN (feat. Travis Scott),Travis Scott,73,5/28/20,0.776,0.509,0,-6.266,0,0.192,1.49E-06,0.115,0.485,94.634,129371,4
BELIEVE IT,Rihanna,71,3/27/20,0.43,0.7,6,-5.35,1,0.0902,0,0.216,0.731,158.373,183219,4
What A Man Gotta Do,Jonas Brothers,73,1/17/20,0.852,0.698,9,-7.206,1,0.00839,1.03E-06,0.0773,0.324,113.039,180645,4
Lovesick Girls,BLACKPINK,73,10/2/20,0.654,0.707,6,-5.661,1,0.00559,0,0.0873,0.448,127.97,194765,4
Stupid Love,Lady Gaga,33,2/28/20,0.676,0.815,8,-4.294,1,0.00146,0.00041,0.275,0.796,117.973,193531,4
Heather,Conan Gray,86,3/20/20,0.357,0.425,5,-7.301,1,0.584,0,0.322,0.27,102.078,198040,3
Safaera,Nengo Flow,80,2/29/20,0.607,0.829,2,-4.074,1,0.0103,0,0.107,0.685,96.172,295177,4
HIGHEST IN THE ROOM,Travis Scott,82,10/4/19,0.598,0.427,7,-8.764,0,0.0546,5.83E-06,0.21,0.0605,76.469,175721,4
Take You Dancing,Jason Derulo,80,7/22/20,0.789,0.711,2,-4.248,1,0.0332,0,0.0876,0.753,112.985,190306,4
Good News,Mac Miller,75,1/17/20,0.794,0.32,1,-12.92,0,0.853,0.134,0.112,0.241,174.088,342040,4
my future,Billie Eilish,72,7/30/20,0.444,0.309,8,-10.956,1,0.795,0.132,0.352,0.0875,104.745,208155,4
Senorita,Camila Cabello,79,6/19/19,0.759,0.548,9,-6.049,0,0.0392,0,0.0828,0.749,116.967,190800,4
I'm Ready (with Demi Lovato),Demi Lovato,63,4/16/20,0.501,0.674,5,-6.363,1,0.00346,3.56E-05,0.282,0.152,155.051,200838,4
HOLIDAY,Lil Nas X,74,11/13/20,0.81,0.511,5,-6.924,0,0.12,0,0.0832,0.837,151.947,154998,4
goosebumps,Travis Scott,84,9/16/16,0.841,0.728,7,-3.37,1,0.0847,0,0.149,0.43,130.049,243837,4
Mood Swings (feat. Lil Tjay),Lil Tjay,79,7/3/20,0.48,0.602,10,-6.335,0,0.487,0,0.0848,0.269,179.798,213333,4
motive (with Doja Cat),Doja Cat,80,10/30/20,0.789,0.742,10,-5.664,0,0.0681,0,0.166,0.661,116.965,167990,4
Afterglow,Ed Sheeran,76,12/21/20,0.641,0.324,11,-5.851,1,0.698,0,0.328,0.273,110.184,185487,4
Diamonds,Sam Smith,72,9/17/20,0.653,0.667,10,-6.764,0,0.154,0,0.107,0.556,104.181,213869,4
Circles,Post Malone,87,9/6/19,0.695,0.762,0,-3.497,1,0.192,0.00244,0.0863,0.553,120.042,215280,4
Yo Perreo Sola,Bad Bunny,79,2/29/20,0.86,0.758,11,-5.16,1,0.021,6.54E-05,0.344,0.453,97.014,172127,4
Lucid Dreams,Juice WRLD,85,12/10/18,0.511,0.566,6,-7.23,0,0.349,0,0.34,0.218,83.903,239836,4
Nobody's Love,Maroon 5,18,7/24/20,0.486,0.567,1,-6.456,1,0.31,0,0.0949,0.154,93.68,211254,4
Level of Concern,Twenty One Pilots,69,4/9/20,0.754,0.583,4,-7.34,0,0.32,0.00015,0.144,0.77,122.012,220051,4
Better,ZAYN,62,9/25/20,0.637,0.418,2,-7.137,1,0.353,0,0.131,0.0807,84.295,174517,4
Over Now (with The Weeknd),The Weeknd,71,8/28/20,0.612,0.884,4,-4.113,0,0.0759,0.00132,0.247,0.679,178.043,210795,4
Lose Somebody,OneRepublic,69,5/15/20,0.58,0.586,1,-6.883,1,0.344,0,0.0755,0.507,147.988,199549,4
OK Not To Be OK,Demi Lovato,75,9/10/20,0.743,0.837,1,-5.025,0,0.0172,0,0.0743,0.263,103.072,159863,4
Daisies,Katy Perry,63,5/15/20,0.639,0.546,1,-5.382,1,0.0837,0,0.122,0.149,122.179,173124,4
SICKO MODE,Travis Scott,82,8/3/18,0.834,0.73,8,-3.714,1,0.00513,0,0.124,0.446,155.008,312820,4
Runnin,Metro Boomin,78,10/2/20,0.819,0.626,10,-4.574,0,0.00748,0.101,0.167,0.415,143.01,195906,4
Mad at Disney,salem ilese,72,7/24/20,0.738,0.621,0,-7.313,1,0.424,7.39E-06,0.692,0.715,113.968,136839,4
Favorito,Camilo,66,4/17/20,0.606,0.853,9,-2.975,1,0.237,0,0.251,0.822,178.043,209766,4
Old Me,5 Seconds of Summer,0,3/27/20,0.721,0.62,0,-3.639,1,0.313,0,0.26,0.473,127.979,186786,4
I Love Me,Demi Lovato,62,3/6/20,0.664,0.561,6,-7.031,1,0.00261,0,0.0764,0.713,150.093,203672,4
Boss Bitch,Doja Cat,79,1/23/20,0.707,0.955,10,-4.593,0,0.127,0,0.202,0.575,125.989,134240,4
Djadja (feat. Maluma) - Remix,Maluma,68,6/12/20,0.791,0.682,5,-7.328,1,0.175,0,0.0926,0.672,98.031,166851,4
La Dificil,Bad Bunny,80,2/29/20,0.685,0.848,8,-4.561,0,0.0861,7.14E-06,0.0783,0.761,179.87,163084,4
"Ay, DiOs Mio!",KAROL G,73,7/10/20,0.718,0.712,11,-4.366,1,0.512,0.00121,0.104,0.531,180.034,189653,4
GREECE (feat. Drake),Drake,74,7/16/20,0.695,0.343,5,-10.798,1,0.0743,1.04E-06,0.107,0.229,85.84,218902,4
Me Gusta,Anuel AA,71,1/13/20,0.775,0.696,1,-5.184,0,0.0559,0.00184,0.157,0.775,92.007,190570,4
Boyfriend,Selena Gomez,57,4/9/20,0.811,0.512,2,-6.381,1,0.218,0.0262,0.0768,0.346,92.046,161188,4
The Other Side (from Trolls World Tour),Justin Timberlake,65,2/26/20,0.76,0.607,7,-6.274,1,0.00277,0,0.132,0.709,105.979,188187,4
BLACK PARADE,Beyonce,48,7/31/20,0.824,0.555,1,-5.817,1,0.00337,6.42E-06,0.217,0.0611,120.002,281273,4
High Fashion (feat. Mustard),Mustard,74,12/6/19,0.831,0.499,11,-8.442,0,0.269,0,0.3,0.511,97.956,220487,4
All I Want - Love That Lasts Mix,Olivia Rodrigo,65,5/22/20,0.362,0.448,3,-6.12,1,0.488,0,0.154,0.166,76.692,175389,4
As It Was,Harry Styles,98,3/31/22,0.52,0.731,6,-5.338,0,0.342,0.00101,0.311,0.662,173.93,167303,4
About Damn Time,Lizzo,93,4/14/22,0.836,0.743,10,-6.305,0,0.0995,0,0.335,0.722,108.966,191822,4
Bam Bam (feat. Ed Sheeran),Ed Sheeran,90,3/4/22,0.756,0.697,8,-6.377,1,0.182,0,0.333,0.956,94.996,206071,4
Left and Right (Feat. Jung Kook of BTS),Jung Kook,95,6/24/22,0.881,0.592,2,-4.898,1,0.619,1.32E-05,0.0901,0.719,101.058,154487,4
I Like You (A Happier Song) (with Doja Cat),Doja Cat,92,6/3/22,0.733,0.67,5,-6.009,1,0.121,0,0.121,0.472,100.964,192841,4
Running Up That Hill (A Deal With God),Kate Bush,97,1985,0.629,0.547,10,-13.123,0,0.72,0.00314,0.0604,0.197,108.375,298933,4
Betty (Get Money),Yung Gravy,87,6/10/22,0.723,0.772,1,-6.784,1,0.00524,1.15E-05,0.367,0.58,102.004,146471,4
Bad Habit,Steve Lacy,83,7/15/22,0.686,0.494,1,-7.093,1,0.613,5.80E-05,0.402,0.7,168.946,232067,4
Lost Myself To You,Mougleta,52,7/29/22,0.634,0.511,3,-10.843,0,0.403,0,0.159,0.24,119.989,148500,4
CHURCH GIRL,Beyonce,79,7/29/22,0.792,0.919,2,-5.688,1,0.0381,5.10E-06,0.368,0.22,92.028,224473,4
STAY (with Justin Bieber),Justin Bieber,90,7/9/21,0.591,0.764,1,-5.484,1,0.0383,0,0.103,0.478,169.928,141806,4
SNAP,Rosa Linn,88,3/19/22,0.563,0.639,0,-8.205,1,0.107,1.06E-05,0.446,0.518,169.985,179551,4
Sensation,Meric,38,7/29/22,0.613,0.88,5,-4.135,1,0.0237,0,0.312,0.599,119.991,152375,4
Late Night Talking,Harry Styles,94,5/20/22,0.714,0.728,10,-4.595,1,0.298,0,0.106,0.901,114.996,177955,4
DESPECHA,ROSALIA,86,7/28/22,0.919,0.623,7,-6.521,1,0.184,1.63E-05,0.0609,0.775,130.037,157018,4
Glimpse of Us,Joji,98,6/10/22,0.44,0.317,8,-9.258,1,0.891,4.78E-06,0.141,0.268,169.914,233456,3
Broken Roads,MIYA MIYA,44,7/29/22,0.576,0.826,2,-4.935,1,0.276,1.72E-06,0.445,0.669,88.046,182727,4
Sunroof,dazy,50,11/26/21,0.768,0.716,10,-5.11,1,0.35,0,0.15,0.841,131.43,163026,4
One Kiss (with Dua Lipa),Dua Lipa,91,4/6/18,0.791,0.862,9,-3.24,0,0.037,2.19E-05,0.0814,0.592,123.994,214847,4
Titi Me Pregunto,Bad Bunny,98,5/6/22,0.65,0.715,5,-5.198,0,0.0993,0.000291,0.126,0.187,106.672,243717,4
When Will I,Jaeger,51,7/8/22,0.457,0.956,0,-4.388,1,0.00443,3.34E-05,0.129,0.532,175.843,239318,4
I Ain't Worried,OneRepublic,93,5/13/22,0.704,0.797,0,-5.927,1,0.0826,0.000745,0.0546,0.825,139.994,148486,4
Jimmy Cooks (feat. 21 Savage),21 Savage,93,6/17/22,0.529,0.673,0,-4.711,1,0.000307,2.41E-06,0.093,0.366,165.921,218365,4
Wait a Minute!,WILLOW,87,1/11/15,0.764,0.705,3,-5.279,0,0.0371,1.94E-05,0.0943,0.672,101.003,196520,4
So Low,Ryan Curtis,58,7/1/22,0.501,0.576,4,-9.882,0,0.434,0,0.118,0.713,180.175,123333,4
Heat Waves,Glass Animals,86,6/29/20,0.761,0.525,11,-6.9,1,0.44,6.70E-06,0.0921,0.531,80.87,238805,4
Vegas (From the Original Motion Picture Soundtrack ELVIS),Doja Cat,91,5/6/22,0.801,0.601,8,-7.574,0,0.0777,3.23E-05,0.145,0.74,159.969,182907,4
First Class,Jack Harlow,91,4/8/22,0.905,0.563,8,-6.135,1,0.0254,9.71E-06,0.113,0.324,106.998,173948,4
Can't Take My Eyes Off You,Meric,52,6/22/22,0.673,0.906,3,-3.47,0,0.431,1.20E-06,0.0718,0.454,119.945,228000,4
BREAK MY SOUL,Beyonce,91,6/21/22,0.687,0.887,1,-5.04,0,0.0575,2.21E-06,0.27,0.853,114.941,278282,4
Enemy (with JID) - from the series Arcane League of Legends,League of Legends,88,10/28/21,0.728,0.783,11,-4.424,0,0.237,0,0.434,0.555,77.011,173381,4
MIDDLE OF THE NIGHT,Elley Duhe,92,1/10/20,0.41,0.611,4,-8.271,0,0.0228,0,0.116,0.0899,185.727,184448,3
End It,RIELL,52,6/24/22,0.693,0.745,9,-5.959,0,0.0872,0,0.148,0.663,150.06,196010,4
Light Switch,Charlie Puth,85,1/20/22,0.69,0.626,6,-5.693,1,0.105,0.000335,0.0881,0.912,184.009,185681,4
TV,Billie Eilish,86,7/21/22,0.412,0.236,4,-15.159,0,0.83,0.00653,0.147,0.119,140.214,281381,4
THATS WHAT I WANT,Lil Nas X,89,9/17/21,0.737,0.846,1,-4.51,0,0.00614,0,0.0486,0.546,87.981,143901,4
Said and Done,Johnning,55,4/8/22,0.498,0.872,2,-6.744,1,0.14,3.17E-06,0.103,0.553,170.056,174185,4
Cold Heart - PNAU Remix,PNAU,90,8/13/21,0.796,0.798,1,-6.312,1,0.034,4.19E-05,0.0952,0.942,116.032,202735,4
Until I Found You,Stephen Sanchez,91,9/1/21,0.539,0.508,10,-6.05,1,0.727,0,0.174,0.227,101.358,177720,3
Ojitos Lindos,Bomba Estereo,97,5/6/22,0.647,0.686,3,-5.745,0,0.08,1.34E-06,0.528,0.268,79.928,258299,4
MDMA,Moodygee,52,5/13/22,0.654,0.766,6,-8.527,0,0.0345,0.00198,0.169,0.352,126.081,148167,4
Big Energy,Latto,77,3/25/22,0.937,0.793,11,-4.431,0,0.0453,0,0.341,0.794,106.022,172540,4
Shivers,Ed Sheeran,23,9/10/21,0.788,0.859,2,-2.724,1,0.281,0,0.0424,0.822,141.02,207853,4
You Don't Know,Meric,49,6/3/22,0.521,0.731,0,-6.471,1,0.122,4.38E-06,0.235,0.202,141.974,209789,4
Sweetest Pie,Dua Lipa,87,3/11/22,0.814,0.628,7,-7.178,1,0.167,0,0.101,0.677,123.977,201334,4
Potion (with Dua Lipa & Young Thug),Young Thug,87,5/27/22,0.824,0.697,11,-4.869,0,0.158,4.11E-05,0.077,0.757,99.988,214460,4
Woman,Doja Cat,91,6/25/21,0.824,0.764,5,-4.175,0,0.0888,0.00294,0.117,0.881,107.998,172627,4
Whiplash,LEFT.,44,7/15/22,0.506,0.646,4,-8.58,1,0.0816,0,0.0998,0.732,97.162,150471,4
abcdefu,GAYLE,88,8/13/21,0.695,0.54,4,-5.692,1,0.299,0,0.367,0.415,121.932,168602,4
Music For a Sushi Restaurant,Harry Styles,89,5/20/22,0.72,0.715,11,-4.652,1,0.258,0.0568,0.107,0.357,107.041,193813,4
Boyfriend,Dove Cameron,88,2/11/22,0.345,0.612,7,-6.543,0,0.232,0,0.194,0.232,179.773,153000,3
Fever Dream,Luxtides,53,3/18/22,0.578,0.666,8,-4.177,0,0.284,0.00105,0.574,0.295,95.022,152684,4
Another Love,Tom Odell,55,6/17/13,0.442,0.538,4,-8.55,0,0.717,2.95E-05,0.09,0.139,122.758,244360,4
Jiggle Jiggle,Louis Theroux,82,5/13/22,0.864,0.412,1,-5.886,1,0.458,0.00087,0.124,0.654,99.992,97209,4
Easy On Me,Adele,86,10/14/21,0.604,0.366,5,-7.519,1,0.578,0,0.133,0.13,141.981,224695,4
Swing My Way,Munboi,38,7/22/22,0.657,0.491,1,-9.019,1,0.163,7.68E-06,0.0721,0.18,85.969,240000,4
One Right Now (with The Weeknd),The Weeknd,82,11/5/21,0.687,0.781,1,-4.806,1,0.0361,0,0.0755,0.688,97.014,193507,4
Ferrari,Miggy Dela Rosa,90,4/1/22,0.847,0.69,1,-7.877,0,0.0127,6.00E-05,0.0526,0.692,125.004,186662,4
INDUSTRY BABY (feat. Jack Harlow),Jack Harlow,87,7/23/21,0.736,0.704,3,-7.409,0,0.0203,0,0.0501,0.894,149.995,212000,4
omw,Pres,41,6/25/22,0.784,0.403,6,-11.839,1,0.28,0.00679,0.108,0.291,120.032,164380,4
Starlight,Dave,81,3/3/22,0.954,0.367,4,-9.551,0,0.341,5.48E-06,0.0979,0.372,124.026,211935,4
Where Did You Go?,MNEK,11,1/26/22,0.774,0.784,10,-4.549,1,0.194,1.07E-05,0.293,0.533,127.042,177689,4
"Stay With Me (with Justin Timberlake, Halsey, & Pharrell)",Pharrell Williams,84,7/15/22,0.81,0.733,9,-6.338,1,0.276,6.73E-06,0.288,0.9,125.975,229283,4
Back from the Dead,Neoni,59,4/29/22,0.651,0.711,3,-6.533,0,0.164,0.0285,0.19,0.337,122.014,179016,4
Kiss Me More (feat. SZA),SZA,83,4/9/21,0.762,0.701,8,-3.541,1,0.235,0.000158,0.123,0.742,110.968,208867,4
Cooped Up (with Roddy Ricch),Roddy Ricch,85,5/12/22,0.669,0.773,0,-5.619,1,0.038,0,0.113,0.377,93.923,185857,4
30 Days,Daiela,47,6/17/22,0.702,0.797,6,-4.521,1,0.0777,0,0.0333,0.966,146.885,179592,4
In My Head,Lil Tjay,82,4/1/22,0.684,0.545,1,-6.885,1,0.159,0,0.102,0.407,143.049,135264,4
My Universe,BTS,84,9/24/21,0.588,0.701,9,-6.39,1,0.00813,0,0.2,0.443,104.988,228000,4
Skyfall,RIELL,54,5/27/22,0.596,0.689,0,-7.876,1,0.13,0,0.3,0.201,111.955,150596,4
good 4 u,Olivia Rodrigo,29,5/14/21,0.556,0.661,6,-5.052,0,0.3,0,0.101,0.668,168.56,178148,4
True Love,XXXTENTACION,84,5/27/22,0.712,0.861,5,-5.487,0,0.0182,6.09E-06,0.511,0.388,84.042,148571,4
BOO HOO,RIELL,58,2/25/22,0.718,0.458,2,-7.845,0,0.222,0,0.123,0.282,90.026,170503,4
Beggin',Maneskin,87,12/8/17,0.714,0.8,11,-4.808,0,0.127,0,0.359,0.589,134.002,211560,4
WAIT FOR U (feat. Drake & Tems),Tems,90,4/29/22,0.463,0.642,1,-4.474,1,0.314,0,0.0686,0.339,83.389,189893,4
Bones,Imagine Dragons,87,3/11/22,0.773,0.742,5,-3.678,0,0.0206,0,0.0754,0.571,114.071,165265,4
meant2be,Adriel Rivera,48,4/25/22,0.878,0.446,0,-9.777,1,0.0389,0.000348,0.357,0.8,117.967,117841,4
go,Cat Burns,78,7/31/20,0.663,0.251,6,-9.87,0,0.88,0,0.0932,0.528,90.272,215000,4
Bad Habits,Ed Sheeran,25,6/25/21,0.808,0.897,11,-3.712,0,0.0469,3.14E-05,0.364,0.591,126.026,231041,4
TO THE MOON,Sam Tompkins,80,11/6/21,0.745,0.65,2,-11.814,1,0.0451,0.00758,0.111,0.386,144.047,152137,4
Close to Me,Meric,49,4/1/22,0.649,0.81,9,-4.578,0,0.0268,1.37E-05,0.126,0.416,121.985,188852,4
I AM WOMAN,Emmy Meli,78,11/19/21,0.646,0.471,10,-9.247,1,0.122,0,0.125,0.455,170.084,232813,4
IDGAF (with blackbear),blackbear,77,3/18/22,0.783,0.75,5,-5.762,1,0.426,0,0.241,0.88,97.953,140665,4
Holy Water,Lucifer,53,3/18/22,0.785,0.749,8,-5.876,0,0.07,3.22E-06,0.399,0.405,122.915,136585,4
Peaches (feat. Daniel Caesar & Giveon),Giveon,87,3/19/21,0.677,0.696,0,-6.181,1,0.321,0,0.42,0.464,90.03,198082,4
love nwantiti (ah ah ah),CKay,85,8/30/19,0.727,0.739,8,-3.805,1,0.365,0.00137,0.161,0.533,93.005,145800,4
Love Mazing,Meric,50,3/4/22,0.448,0.876,11,-3.72,0,0.0205,0,0.663,0.648,166.064,237470,4
Oh My God,Adele,83,11/19/21,0.534,0.725,1,-3.906,1,0.091,0,0.0264,0.55,88.098,225149,4
MONTERO (Call Me By Your Name),Lil Nas X,6,3/26/21,0.61,0.508,8,-6.682,0,0.297,0,0.384,0.758,178.818,137876,4
Lost in Life,Costa Leon,51,2/4/22,0.573,0.563,5,-6.781,1,0.216,0,0.134,0.184,92,187258,4
Numb Little Bug,Em Beihold,82,1/28/22,0.742,0.527,8,-6.892,0,0.327,0,0.25,0.638,84.974,169238,4
Do It To It,Cherish,86,8/20/21,0.854,0.806,11,-8.262,0,0.0209,0.0542,0.0703,0.637,124.927,157890,4
Ginseng Strip 2002,Yung Lean,53,8/16/13,0.601,0.712,1,-9.433,1,0.0848,0,0.479,0.386,114.998,154000,4
Have Fun Alone,Dylan Rouda,50,1/14/22,0.567,0.794,11,-3.441,0,0.143,0,0.109,0.841,107.89,178611,4
Infinity,Jaymes Young,87,6/23/17,0.671,0.673,11,-6.941,0,0.148,5.29E-05,0.304,0.494,121.963,237720,4
Dancing Feet (feat. DNCE),DNCE,81,2/25/22,0.75,0.797,0,-4.826,1,0.293,0,0.392,0.523,105.949,215203,4
Down Under (feat. Colin Hay),Colin Hay,73,11/19/21,0.308,0.861,11,-4.112,0,0.012,0.00103,0.277,0.0386,171.966,158774,4
Feel Like Home,Lea Bruckner,44,4/22/22,0.447,0.643,1,-6.129,1,0.0864,0,0.103,0.405,146.956,241633,4
Sacrifice,The Weeknd,81,1/6/22,0.735,0.795,11,-6.523,0,0.0296,3.18E-05,0.0678,0.905,122,188918,4
Every Summertime,NIKI,82,8/10/21,0.628,0.676,6,-4.227,1,0.393,6.94E-05,0.0978,0.723,78.996,215687,4
The Motto,HALUNA,52,3/4/22,0.752,0.72,7,-8.911,0,0.0972,0.0013,0.452,0.22,118.042,137161,4
Mount Everest,Labrinth,82,11/22/19,0.494,0.428,0,-7.239,0,0.236,0.0698,0.0816,0.44,87.724,157497,4
Better Days (NEIKED x Mae Muller x Polo G),Polo G,84,9/24/21,0.717,0.671,0,-5.077,0,0.0018,2.54E-06,0.0921,0.699,110.054,160657,4
Don't Hate The Party,Limon Limon,42,4/22/22,0.656,0.493,8,-8.27,1,0.00281,0.000645,0.103,0.4,174.043,228333,4
Levitating (feat. DaBaby),DaBaby,86,3/27/20,0.702,0.825,6,-3.787,0,0.00883,0,0.0674,0.915,102.977,203064,4
Moth To A Flame (with The Weeknd),The Weeknd,50,10/22/21,0.542,0.659,8,-7.289,1,0.00279,0,0.105,0.109,120.122,234000,4
Happier Than Ever,Billie Eilish,89,7/30/21,0.332,0.225,0,-8.697,1,0.767,0.00349,0.128,0.297,81.055,298899,3
Never Going Back Again,Johnning,52,11/26/21,0.513,0.814,0,-8.018,1,0.00886,0.00385,0.0888,0.612,174.964,187165,4
she's all i wanna be,Tate McRae,84,2/4/22,0.614,0.644,2,-5.372,0,0.0134,7.07E-06,0.117,0.651,160.036,206772,4
Don't Be Shy,KAROL G,85,8/12/21,0.77,0.787,11,-3.748,0,0.198,0,0.262,0.513,119.986,140500,4
It'll Be Okay,Shawn Mendes,81,12/1/21,0.398,0.286,7,-11.881,1,0.616,0.000146,0.0912,0.0666,78.262,222800,4
Hangover,GOVAN,48,2/10/22,0.728,0.535,2,-9.048,1,0.107,0,0.176,0.908,75.03,140800,4
Don't Go Yet,Camila Cabello,79,7/23/21,0.666,0.796,10,-6.967,0,0.0492,0,0.0442,0.61,110.108,164842,4
edamame (feat. Rich Brian),Rich Brian,78,7/24/21,0.815,0.848,4,-4.704,0,0.023,0.000162,0.0265,0.684,106.032,133707,4
LA FAMA (with The Weeknd),The Weeknd,79,11/11/21,0.77,0.302,0,-7.911,0,0.946,3.38E-05,0.125,0.821,136.01,188103,4
Coming Home,HALUNA,49,3/25/22,0.394,0.906,9,-6.991,1,0.0204,0.000596,0.33,0.156,127.694,125625,4
Acapulco,Jason Derulo,82,9/3/21,0.774,0.792,10,-4.021,1,0.051,0,0.155,0.507,122.062,139672,4
Meet Me At Our Spot,Tyler Cole,83,3/13/20,0.773,0.47,2,-7.93,1,0.0153,0.000193,0.0851,0.399,94.995,162680,4
The Motto,Ava Max,88,11/4/21,0.754,0.763,7,-4.627,0,0.0301,2.23E-05,0.0901,0.464,117.953,164819,4
Ruin Your Life,RIELL,50,2/11/22,0.658,0.663,7,-4.886,0,0.28,3.54E-06,0.342,0.196,123.957,152973,4
Take My Breath - Single Version,The Weeknd,76,8/6/21,0.748,0.74,8,-6.01,1,0.0107,2.18E-05,0.101,0.518,121.004,220196,4
Need to Know,Doja Cat,86,6/25/21,0.664,0.609,1,-6.509,1,0.304,0,0.0926,0.194,130.041,210560,4
Rasputin,Boney M.,81,2/26/21,0.758,0.913,6,-2.926,0,0.00364,6.92E-05,0.193,0.658,128.04,186210,4
Racecar,AFTRHOURS,44,3/25/22,0.656,0.718,4,-6.026,1,0.208,0,0.113,0.542,145.026,152276,4
OUT OUT (feat. Charli XCX & Saweetie),Saweetie,82,8/13/21,0.787,0.833,8,-4.403,1,0.018,0.00747,0.0374,0.796,123.97,162604,4
SAD GIRLZ LUV MONEY Remix (feat. Kali Uchis and Moliy),Moliy,81,9/16/21,0.87,0.523,1,-8.052,0,0.433,2.07E-05,0.113,0.319,110.02,204764,4
Save Me Pls,Meric,49,2/4/22,0.51,0.893,10,-4.173,0,0.0078,1.31E-05,0.286,0.728,141.948,185915,4
Save Your Tears (with Ariana Grande) (Remix),Ariana Grande,85,4/23/21,0.65,0.825,0,-4.645,1,0.0215,2.44E-05,0.0936,0.593,118.091,191014,4
Bored,Billie Eilish,85,3/30/17,0.614,0.318,7,-12.695,1,0.896,0.00239,0.0795,0.112,119.959,180933,4
Slow Nights,Mougleta,54,12/17/21,0.674,0.491,3,-10.853,0,0.464,1.77E-05,0.106,0.492,126.038,152381,4
Heartbreak Anthem (with David Guetta & Little Mix),Little Mix,80,5/20/21,0.595,0.784,1,-4.878,1,0.216,0,0.0608,0.479,124.111,183726,4
Heartbreak Anniversary,Giveon,84,3/27/20,0.449,0.465,0,-8.964,1,0.524,1.02E-06,0.303,0.543,89.087,198371,3
Talking To The Moon,sad girls,49,3/18/22,0.634,0.569,1,-7.883,0,0.226,0,0.124,0.466,145.858,116712,4
I Love You So,The Walters,88,11/28/14,0.575,0.648,10,-4.891,1,0.583,0,0.115,0.466,75.977,160240,4
Build a Bitch,Bella Poarch,77,5/14/21,0.855,0.463,3,-7.454,1,0.217,1.77E-05,0.347,0.866,102.931,122773,4
Summer of Love (Shawn Mendes & Tainy),Tainy,82,8/20/21,0.776,0.808,11,-4.501,1,0.0297,0.000127,0.103,0.494,123.988,184104,4
New Americana,HALUNA,50,3/18/22,0.653,0.86,10,-6.791,0,0.0428,0.00673,0.212,0.143,106.006,133868,4
"I am not a woman, I'm a god",Halsey,62,8/27/21,0.523,0.702,6,-6.74,0,0.00397,0.0325,0.063,0.494,179.992,176413,4
Todo De Ti,Rauw Alejandro,83,5/20/21,0.78,0.718,3,-3.605,0,0.31,0.000163,0.0932,0.342,127.949,199604,4
Lost in the Fire (feat. The Weeknd),The Weeknd,84,3/8/19,0.658,0.671,2,-12.21,1,0.0933,0.000927,0.115,0.166,100.966,202093,4
Psycho,RIELL,50,12/3/21,0.723,0.611,9,-5.22,0,0.509,0,0.0959,0.252,121.974,129836,4
deja vu,Olivia Rodrigo,21,4/1/21,0.439,0.61,9,-7.236,1,0.593,1.07E-05,0.341,0.172,181.088,215508,4
BED,David Guetta,60,2/26/21,0.663,0.783,6,-4.585,1,0.0134,0.00179,0.325,0.622,123.986,178088,4
No Love (with SZA),SZA,76,11/5/21,0.707,0.618,1,-5.825,0,0.17,0,0.293,0.517,133.876,231498,4
High on You,Robbie Rosen,51,12/15/21,0.783,0.709,6,-5.372,1,0.00489,0,0.0501,0.721,119.995,180000,4
family ties (with Kendrick Lamar),Kendrick Lamar,78,8/27/21,0.711,0.611,1,-5.453,1,0.00575,0,0.231,0.144,134.14,252070,4
Friday (feat. Mufasa & Hypeman) - Dopamine Re-Edit,Dopamine,83,1/15/21,0.824,0.862,2,-3.424,1,0.0076,0.000132,0.303,0.801,122.98,169153,4
Can I Get It,Veronica Pichardo,49,1/21/22,0.6,0.841,9,-5.504,0,0.159,0,0.385,0.295,114,141053,4
telepatia,Kali Uchis,83,12/4/20,0.653,0.524,11,-9.016,0,0.112,0,0.203,0.553,83.97,160191,4
drivers license,Olivia Rodrigo,30,1/8/21,0.585,0.436,10,-8.761,1,0.721,1.31E-05,0.105,0.132,143.874,242014,4
Kisses Back,HALUNA,45,1/7/22,0.642,0.796,0,-5.432,1,0.0935,0,0.283,0.149,128.126,152812,4
Leave The Door Open,Silk Sonic,36,3/5/21,0.586,0.616,5,-7.964,1,0.182,0,0.0927,0.719,148.088,242096,4
Burn Me Up,Noubya,48,10/15/21,0.661,0.693,7,-6.837,0,0.083,0.000796,0.286,0.0772,128.104,151875,4
WITHOUT YOU,The Kid LAROI,80,11/6/20,0.662,0.413,0,-7.357,1,0.213,0,0.134,0.467,93.005,161385,4
GHOST TOWN,Benson Boone,80,10/15/21,0.391,0.335,0,-10.064,1,0.389,0,0.102,0.116,174.185,193733,3
Same Place Same Time,Johnning,49,11/5/21,0.683,0.706,9,-7.852,0,0.0532,0,0.321,0.836,145.044,166632,4
Hold On,Justin Bieber,77,3/5/21,0.658,0.634,1,-5.797,0,0.0106,0,0.132,0.29,139.98,170813,4
Goosebumps - Remix,HVME,82,1/15/21,0.841,0.593,1,-7.846,1,0.418,0,0.124,0.808,124.917,162803,4
traitor,Olivia Rodrigo,89,5/21/21,0.38,0.339,3,-7.885,1,0.691,0,0.12,0.0849,100.607,229227,4
Waves,Mr. Jukeboxx,47,1/14/22,0.649,0.714,5,-5.883,0,0.0682,1.64E-06,0.123,0.312,117.948,143390,4
Dandelions,Ruth B.,90,5/5/17,0.609,0.692,1,-2.958,1,0.0157,0,0.0864,0.454,116.959,233720,3
Beauty And A Beat,sad girls,49,4/15/22,0.625,0.677,0,-6.391,1,0.0353,0,0.0597,0.38,138.965,120000,4
Toxic,BoyWithUke,81,10/29/21,0.594,0.612,8,-6.627,0,0.835,0,0.461,0.687,179.629,168020,4
Tell It To My Heart,Hozier,78,10/29/21,0.539,0.715,11,-6.639,0,0.0265,0,0.609,0.489,123.854,165524,4
Hey Is That You,3409,46,10/14/21,0.458,0.696,6,-6.2,1,0.265,1.24E-06,0.192,0.235,96.966,173196,4
Good Without,Mimi Webb,70,3/26/21,0.616,0.576,11,-5.495,0,0.0723,0,0.375,0.269,89.962,182121,4
Skate,Silk Sonic,26,7/30/21,0.708,0.598,5,-8.365,1,0.037,0,0.17,0.698,112.027,203123,4
Go Back,Meric,47,1/12/22,0.632,0.797,10,-4.371,0,0.174,0,0.16,0.817,109.959,187636,4
Love Again,Dua Lipa,69,3/27/20,0.659,0.667,11,-4.668,0,0.00173,2.85E-05,0.1,0.468,115.982,258004,4
Moth To A Flame,HALUNA,52,11/19/21,0.531,0.644,0,-9.812,0,0.0652,0,0.128,0.122,123.946,163064,4
Good Days,SZA,82,12/25/20,0.436,0.655,1,-8.37,0,0.499,8.10E-06,0.688,0.412,121.002,279204,4
My Heart Goes (La Di Da) (feat. Topic),Topic,73,8/27/21,0.695,0.781,7,-5.578,0,0.0185,3.12E-05,0.295,0.456,124.04,148960,4
Over,Lucky Daye,73,3/10/22,0.65,0.555,6,-5.971,0,0.502,0,0.104,0.352,103.081,207413,4
Coming Home,Cadmium,54,11/15/21,0.447,0.707,8,-6.275,0,0.0836,0,0.136,0.304,180.053,163445,4
Astronaut In The Ocean,Masked Wolf,80,1/6/21,0.778,0.695,4,-6.865,0,0.175,0,0.15,0.472,149.996,132780,4
Chemicals,Neoni,52,11/5/21,0.748,0.808,7,-6.536,0,0.368,2.94E-06,0.0925,0.306,114.846,139826,4
Last Last,Burna Boy,82,5/12/22,0.795,0.565,3,-4.457,0,0.131,0,0.0802,0.55,87.925,172342,4
Grenade,22angels,50,2/18/22,0.627,0.549,2,-7.953,0,0.205,5.07E-06,0.123,0.508,139.955,143239,4
Your Power,Billie Eilish,6,4/29/21,0.634,0.285,9,-14.007,0,0.937,0.000359,0.232,0.203,129.65,245897,4
RUN,Tom Enzy,48,11/12/21,0.687,0.728,6,-5.899,0,0.409,0.000194,0.107,0.226,122.049,147541,4
Our Song,Niall Horan,69,5/21/21,0.595,0.759,11,-4.245,0,0.141,0,0.172,0.515,80.953,163733,4
Paradise (feat. Dermot Kennedy),Dermot Kennedy,80,10/30/20,0.632,0.595,8,-7.644,0,0.0689,0,0.209,0.435,124.114,167903,4
Footloose,LEFT.,44,10/22/21,0.537,0.622,7,-6.602,1,0.372,0,0.127,0.729,99.905,168777,4
We're Good,Dua Lipa,77,2/11/21,0.722,0.588,6,-5.932,1,0.0319,0,0.183,0.59,134.01,165507,4
Just A Cloud Away,Pharrell Williams,74,2013,0.89,0.46,2,-8.155,1,0.432,0,0.11,0.677,112.555,176078,3
Sweet Addiction,Meric,45,11/12/21,0.649,0.809,2,-4.821,0,0.316,0,0.516,0.51,101.985,195294,4
You Right,The Weeknd,61,6/27/21,0.828,0.621,8,-6.414,1,0.0164,0.00233,0.0845,0.436,128.986,186173,4
Stay,Nito-Onna,51,11/17/21,0.705,0.841,8,-6.27,0,0.101,0,0.359,0.668,93.891,128993,4
Beautiful Mistakes (feat. Megan Thee Stallion),Megan Thee Stallion,34,3/3/21,0.713,0.676,10,-5.483,1,0.0377,0,0.154,0.721,99.048,227395,4
Beggin',Meric Again,58,9/10/21,0.665,0.854,0,-5.745,0,0.162,1.55E-05,0.196,0.32,126.133,127619,4
Heartbreak Hotel,Jon Paul,49,10/8/21,0.724,0.682,6,-7.987,1,0.333,0,0.132,0.412,123.956,123871,4
Business,HALUNA,51,10/8/21,0.714,0.93,8,-4.204,0,0.0561,0.000421,0.129,0.171,119.941,146000,4
Roses - Imanbek Remix,Imanbek,81,10/9/19,0.77,0.724,8,-5.484,1,0.0167,0.0107,0.353,0.898,121.975,176840,4
Shape of You,Ed Sheeran,86,3/3/17,0.825,0.652,1,-3.183,0,0.581,0,0.0931,0.931,95.977,233713,4
Blinding Lights,The Weeknd,91,3/20/20,0.514,0.73,1,-5.934,1,0.00146,9.54E-05,0.0897,0.334,171.005,200040,4
Dance Monkey,Tones And I,80,10/17/19,0.824,0.588,6,-6.4,0,0.692,0.000104,0.149,0.513,98.027,209438,4
rockstar,21 Savage,0,9/15/17,0.577,0.522,5,-6.594,0,0.13,9.03E-05,0.142,0.119,159.772,218320,4
One Dance,Kyla,1,5/6/16,0.791,0.619,1,-5.886,1,0.00784,0.00423,0.351,0.371,103.989,173987,4
Sunflower - Spider-Man: Into the Spider-Verse,Swae Lee,83,12/14/18,0.76,0.479,2,-5.574,1,0.556,0,0.0703,0.913,89.911,158040,4
Closer,Halsey,84,7/29/16,0.748,0.524,8,-5.599,1,0.414,0,0.111,0.661,95.01,244960,4
Senorita,Camila Cabello,81,6/21/19,0.759,0.54,9,-6.039,0,0.037,0,0.0945,0.75,116.947,190960,4
Believer,Imagine Dragons,0,6/23/17,0.779,0.787,10,-4.305,0,0.0524,0,0.14,0.708,124.982,204347,4
Perfect,Ed Sheeran,86,3/3/17,0.599,0.448,8,-6.312,1,0.163,0,0.106,0.168,95.05,263400,3
She Want Some More (Feat. Ken Carson & Lil Tecca),Ken Carson,67,7/22/22,0.689,0.546,6,-8.624,1,0.08,0,0.0706,0.768,140.924,184614,4
Say You Won't Let Go,James Arthur,84,10/28/16,0.358,0.557,10,-7.398,1,0.695,0,0.0902,0.494,85.043,211467,4
Relationsh!t,Nico Annello,42,7/15/22,0.675,0.569,6,-10.151,1,0.27,2.75E-06,0.109,0.551,110.024,168136,4
Thinking out Loud,Ed Sheeran,83,6/21/14,0.781,0.445,2,-6.061,1,0.474,0,0.184,0.591,78.998,281560,4
7,Rot Ken,54,3/31/21,0.813,0.66,10,-7.338,0,0.00664,0,0.102,0.421,132.13,102400,4
God's Plan,Drake,0,1/20/18,0.755,0.448,7,-9.587,1,0.0283,3.28E-05,0.514,0.318,77.179,198960,4
Life - Radio Edit,Prince Amaho,44,7/1/22,0.601,0.845,7,-2.869,0,0.419,1.34E-06,0.141,0.362,188.064,181915,4
Don't Start Now,Dua Lipa,81,3/27/20,0.793,0.793,11,-4.521,0,0.0123,0,0.0951,0.679,123.95,183290,4
Doing Me,PTM,40,5/20/22,0.764,0.675,10,-5.326,0,0.164,0.00412,0.0592,0.61,87.993,176034,4
2 DOGS 1 LEASH,Noah Guy,44,7/29/22,0.746,0.542,1,-9.355,1,0.559,0.0166,0.18,0.408,129.877,162462,4
STAY (with Justin Bieber),Justin Bieber,87,7/23/21,0.591,0.764,1,-5.484,1,0.0383,0,0.103,0.478,169.928,141806,4
Rock Bottom,Adam Aronson,36,4/22/22,0.672,0.397,4,-15.534,1,0.158,1.71E-06,0.173,0.458,87.915,226920,4
Photograph,Ed Sheeran,84,6/21/14,0.614,0.379,4,-10.48,1,0.607,0.000464,0.0986,0.201,107.989,258987,4
Starboy,Daft Punk,0,11/25/16,0.681,0.594,7,-7.028,1,0.165,3.49E-06,0.134,0.535,186.054,230453,4
SAD!,XXXTENTACION,83,3/16/18,0.74,0.613,8,-4.88,1,0.258,0.00372,0.123,0.473,75.023,166606,4
Something Just Like This,Coldplay,84,4/7/17,0.617,0.635,11,-6.769,0,0.0498,1.44E-05,0.164,0.446,103.019,247160,4
Mood,Brenae,37,2/25/22,0.802,0.547,3,-7.507,1,0.809,0,0.104,0.641,124.975,188134,4
Bohemian Rhapsody - Remastered 2011,Queen,82,11/21/75,0.414,0.404,0,-9.928,0,0.271,0,0.3,0.224,71.105,354320,4
lovely (with Khalid),Khalid,88,4/19/18,0.351,0.296,4,-10.109,0,0.934,0,0.095,0.12,115.284,200186,4
Shallow,Bradley Cooper,84,10/5/18,0.572,0.385,7,-6.362,1,0.371,0,0.231,0.323,95.799,215733,4
Love Yourself,Justin Bieber,0,11/13/15,0.609,0.378,4,-9.828,1,0.835,0,0.28,0.515,100.418,233720,4
shooting hoops,Amanda Frances,43,7/1/22,0.711,0.747,11,-7.864,1,0.181,0.463,0.122,0.428,91.051,156904,4
All of Me,John Legend,84,8/30/13,0.422,0.264,8,-7.064,1,0.922,0,0.132,0.331,119.93,269560,4
Havana (feat. Young Thug),Young Thug,81,1/12/18,0.765,0.523,2,-4.333,1,0.184,3.56E-05,0.132,0.394,104.988,217307,4
Uncle Sam,SMITH,46,7/1/22,0.596,0.503,1,-10.457,0,0.00668,0,0.209,0.3,116.964,325747,4
Take Me To Church,Hozier,0,11/6/14,0.456,0.67,7,-5.212,1,0.588,0,0.116,0.405,128.632,241688,4
Thunder,Imagine Dragons,0,6/23/17,0.6,0.81,0,-4.749,1,0.00683,0.21,0.155,0.298,167.88,187147,4
Open Wide,Lisa Ramey,30,3/27/20,0.461,0.52,5,-7.615,1,0.0538,2.36E-05,0.132,0.176,131.889,234960,4
7 rings,Ariana Grande,83,2/8/19,0.778,0.317,1,-10.732,0,0.592,0,0.0881,0.327,140.048,178627,4
Jocelyn Flores,XXXTENTACION,84,8/25/17,0.872,0.391,0,-9.144,0,0.469,4.13E-06,0.297,0.437,134.021,119133,4
XO Tour Llif3,Lil Uzi Vert,82,8/25/17,0.732,0.75,11,-6.366,0,0.00264,0,0.109,0.401,155.096,182707,4
New Rules,Dua Lipa,81,6/2/17,0.762,0.7,9,-6.021,0,0.00261,1.56E-05,0.153,0.608,116.073,209320,4
Stressed Out,Twenty One Pilots,84,5/15/15,0.734,0.637,4,-5.677,0,0.0462,2.29E-05,0.0602,0.648,169.977,202333,4
Happier,Bastille,83,8/17/18,0.687,0.792,5,-2.749,1,0.191,0,0.167,0.671,100.015,214290,4
HUMBLE.,Kendrick Lamar,0,4/14/17,0.906,0.625,1,-6.779,0,0.000243,3.23E-05,0.0975,0.423,150.018,177000,4
Sorry,Justin Bieber,2,11/13/15,0.654,0.76,0,-3.669,0,0.0797,0,0.299,0.41,99.945,200787,4
Let Her Go,Passenger,74,11/5/12,0.509,0.538,7,-7.335,1,0.385,0,0.104,0.244,75.089,252867,4
Lean On (feat. MO & DJ Snake),DJ Snake,0,5/29/15,0.723,0.809,7,-3.081,0,0.00346,0.00123,0.565,0.274,98.007,176561,4
Wake Me Up - Radio Edit,Avicii,0,1/1/13,0.532,0.783,2,-5.697,1,0.0038,0.0012,0.161,0.643,124.08,247427,4
Better Now,Post Malone,81,4/27/18,0.68,0.578,10,-5.804,1,0.331,0,0.135,0.341,145.038,231267,4
Counting Stars,OneRepublic,0,1/1/13,0.662,0.71,1,-4.945,0,0.0603,0,0.119,0.465,121.979,257267,4
Let Me Love You,Justin Bieber,2,8/5/16,0.476,0.718,8,-5.309,1,0.0784,1.02E-05,0.122,0.142,199.864,205947,4
Faded,Alan Walker,72,12/4/15,0.589,0.651,6,-5.097,1,0.0291,3.20E-06,0.111,0.166,90.011,212627,4
Congratulations,Quavo,0,12/9/16,0.624,0.806,6,-4.271,1,0.182,0,0.299,0.513,123.117,220293,4
Don't Let Me Down,Daya,80,2/5/16,0.532,0.869,11,-5.094,1,0.157,0.00508,0.136,0.422,159.803,208373,4
Riptide,Vance Joy,82,9/8/14,0.484,0.731,1,-6.694,1,0.431,0,0.151,0.51,101.654,204280,4
I Took A Pill In Ibiza - Seeb Remix,Seeb,0,5/6/16,0.663,0.713,7,-6.647,0,0.0353,7.68E-06,0.0843,0.69,101.965,197933,4
Treat You Better,Shawn Mendes,0,4/20/17,0.448,0.818,10,-4.038,0,0.131,0,0.11,0.768,82.885,187973,4
Stay With Me,Sam Smith,0,1/1/14,0.414,0.419,0,-6.431,1,0.55,0.000195,0.11,0.18,84.082,172724,4
Despacito - Remix,Justin Bieber,2,4/17/17,0.694,0.815,2,-4.328,1,0.229,0,0.0924,0.813,88.931,228827,4
I Don't Care (with Justin Bieber),Justin Bieber,79,5/10/19,0.798,0.675,6,-5.041,1,0.0912,0,0.0894,0.842,101.956,219947,4
Can't Hold Us (feat. Ray Dalton),Ray Dalton,82,10/9/12,0.641,0.922,2,-4.457,1,0.0291,0,0.0862,0.847,146.078,258343,4
The Hills,The Weeknd,0,8/28/15,0.356,0.567,0,-7.011,0,0.0861,0,0.137,0.109,135.553,242253,5
Without Me (with Juice WRLD),Juice WRLD,67,1/9/19,0.744,0.514,6,-6.103,1,0.355,0,0.184,0.449,136.013,228816,4
Sweater Weather,The Neighbourhood,90,4/19/13,0.612,0.807,10,-2.81,1,0.0495,0.0177,0.101,0.398,124.053,240400,4
Uptown Funk (feat. Bruno Mars),Bruno Mars,83,1/12/15,0.856,0.609,0,-7.223,1,0.00801,8.15E-05,0.0344,0.928,114.988,269667,4
"thank u, next",Ariana Grande,82,2/8/19,0.717,0.653,1,-5.634,1,0.229,0,0.101,0.412,106.966,207320,4
good 4 u,Olivia Rodrigo,89,5/21/21,0.563,0.664,9,-5.044,1,0.335,0,0.0849,0.688,166.928,178147,4
Too Good At Goodbyes,Sam Smith,80,11/3/17,0.681,0.372,5,-8.237,1,0.64,0,0.169,0.476,91.873,201000,4
Unforgettable,Swae Lee,82,7/14/17,0.726,0.769,6,-5.043,1,0.0293,0.0101,0.104,0.733,97.985,233902,4
Memories,Maroon 5,85,6/11/21,0.775,0.327,11,-7.241,1,0.841,0,0.0821,0.595,91.05,189486,4
Mood (feat. iann dior),iann dior,84,3/26/21,0.701,0.716,7,-3.671,0,0.174,0,0.324,0.732,91.007,140533,4
drivers license,Olivia Rodrigo,88,5/21/21,0.561,0.431,10,-8.81,1,0.768,1.42E-05,0.106,0.137,143.875,242013,4
Moonlight,XXXTENTACION,82,3/16/18,0.921,0.537,9,-5.723,0,0.556,0.00404,0.102,0.711,128.009,135090,4
Mr. Brightside,The Killers,86,2004,0.352,0.911,1,-5.23,1,0.00121,0,0.0995,0.236,148.033,222973,4
Demons,Imagine Dragons,0,9/4/12,0.327,0.71,3,-2.928,1,0.202,9.00E-05,0.28,0.416,179.561,175200,4
Cheap Thrills,Sia,78,1/29/16,0.628,0.698,6,-5.608,0,0.0472,0.00143,0.0907,0.732,89.976,211667,4
MONTERO (Call Me By Your Name),Lil Nas X,80,3/31/21,0.61,0.508,8,-6.682,0,0.297,0,0.384,0.758,178.818,137876,4
Lose Yourself,Eminem,74,11/24/14,0.689,0.735,2,-4.545,1,0.00922,0.00072,0.365,0.059,171.403,320627,4
Girls Like You (feat. Cardi B) - Cardi B Version,Cardi B,75,6/15/18,0.851,0.541,0,-6.825,1,0.568,0,0.13,0.448,124.959,235545,4
That's What I Like,Bruno Mars,83,11/17/16,0.853,0.56,1,-4.961,1,0.013,0,0.0944,0.86,134.066,206693,4
Wonderwall - Remastered,Oasis,78,1995,0.375,0.893,2,-4.097,1,0.000509,0,0.187,0.434,174.323,258773,4
7 Years,Lukas Graham,58,4/1/16,0.765,0.472,10,-5.837,1,0.291,0,0.389,0.352,119.946,237267,4
INDUSTRY BABY (feat. Jack Harlow),Jack Harlow,83,9/17/21,0.741,0.691,10,-7.395,0,0.0221,0,0.0476,0.892,150.087,212353,4
Dynamite,BTS,86,11/20/20,0.746,0.765,6,-4.41,0,0.0112,0,0.0936,0.737,114.044,199054,4
Despacito,Daddy Yankee,81,2/1/19,0.655,0.797,2,-4.787,1,0.198,0,0.067,0.839,177.928,229360,4
Stitches,Shawn Mendes,75,4/14/15,0.752,0.754,1,-6.684,1,0.0151,0,0.0486,0.755,149.789,206880,4
MONEY,LISA,80,9/10/21,0.831,0.554,1,-9.998,0,0.161,6.12E-05,0.152,0.396,140.026,168228,4
Heat Waves,Glass Animals,85,8/7/20,0.761,0.525,11,-6.9,1,0.44,6.70E-06,0.0921,0.531,80.87,238805,4
Butter,BTS,5,5/21/21,0.759,0.459,8,-5.187,1,0.00323,0,0.0906,0.695,109.997,164442,4
Up,Cardi B,75,2/5/21,0.868,0.795,11,-6.044,1,0.0012,0.0193,0.0461,0.819,166,156945,4
positions,Ariana Grande,85,10/30/20,0.737,0.802,0,-4.771,1,0.468,0,0.0931,0.682,144.015,172325,4
All Too Well (10 Minute Version) (Taylor's Version) (From The Vault),Taylor Swift,84,11/12/21,0.631,0.518,0,-8.771,1,0.274,0,0.088,0.205,93.023,613027,4
Streets,Doja Cat,83,11/7/19,0.749,0.463,11,-8.433,1,0.21,0.0382,0.338,0.189,90.035,226987,4
Anyone,Justin Bieber,76,1/1/21,0.686,0.538,2,-8.026,1,0.181,3.13E-06,0.113,0.584,115.884,190779,4
Solar Power,Lorde,7,6/10/21,0.735,0.47,4,-9.405,1,0.266,0.000105,0.32,0.897,87.971,192621,4
Shivers,Ed Sheeran,79,9/13/21,0.788,0.859,2,-2.724,1,0.281,0,0.0424,0.822,141.02,207853,4
WITHOUT YOU (with Miley Cyrus),Miley Cyrus,74,4/30/21,0.655,0.469,0,-6.257,1,0.173,0,0.0956,0.467,92.56,161385,4
Calling My Phone,6LACK,81,4/2/21,0.907,0.393,4,-7.636,0,0.451,1.35E-06,0.135,0.202,104.949,205458,4
RAPSTAR,Polo G,82,6/11/21,0.789,0.536,6,-6.862,1,0.41,0,0.129,0.437,81.039,165926,4
Girls Want Girls (with Lil Baby),Lil Baby,81,9/3/21,0.767,0.438,7,-8.726,0,0.181,0,0.142,0.381,86.975,221980,4
Baila Conmigo (with Rauw Alejandro),Rauw Alejandro,76,3/12/21,0.823,0.544,5,-7.132,1,0.0215,0.00315,0.0966,0.664,149.903,186088,4
DAKITI,Jhay Cortez,80,11/27/20,0.731,0.573,4,-10.059,0,0.401,5.22E-05,0.113,0.145,109.928,205090,4
willow,Taylor Swift,78,12/11/20,0.392,0.574,7,-9.195,1,0.833,0.00179,0.145,0.529,81.112,214707,4
BICHOTA,KAROL G,77,10/23/20,0.863,0.666,1,-4.158,0,0.212,0.000493,0.103,0.838,163.908,178947,4
Love Story (Taylor's Version),Taylor Swift,74,2/12/21,0.626,0.79,2,-4.302,1,0.135,3.97E-06,0.0989,0.416,119.082,235767,4
Whoopty,CJ,75,8/20/20,0.719,0.648,3,-7.6,0,0.2,0,0.127,0.66,140.201,123263,4
Bandido,Juhn,75,12/10/20,0.713,0.617,8,-4.637,1,0.122,0,0.0962,0.682,168.021,232853,4
GIRL LIKE ME,Shakira,78,11/2/20,0.965,0.485,2,-8.784,1,0.0206,0.0237,0.0655,0.312,124.025,222523,4
LA NOCHE DE ANOCHE,ROSALIA,82,11/27/20,0.856,0.618,7,-4.892,1,0.0303,0,0.0866,0.391,81.993,203201,4
test drive,Ariana Grande,66,2/19/21,0.698,0.708,9,-4.943,0,0.0251,0,0.124,0.322,115.036,122174,4
The Business,Tiesto,84,9/16/20,0.798,0.62,8,-7.079,0,0.414,0.0192,0.112,0.235,120.031,164000,4
Lemonade,NAV,77,8/14/20,0.799,0.66,1,-6.153,0,0.256,0,0.111,0.471,140.04,195429,4
Lost Cause,Billie Eilish,4,6/2/21,0.671,0.336,10,-8.494,0,0.705,0.00751,0.0577,0.518,75.051,212496,4
Selfish Love (with Selena Gomez),Selena Gomez,65,3/4/21,0.723,0.646,5,-7.973,0,0.0206,0.352,0.0994,0.443,110.971,168649,4
What You Know Bout Love,Pop Smoke,28,5/14/21,0.584,0.547,7,-8.502,0,0.655,1.64E-06,0.134,0.56,83.917,160000,4
Dynamite,BTS,20,11/20/20,0.746,0.765,6,-4.41,0,0.0112,0,0.0936,0.737,114.044,199054,4
Save Your Tears,The Weeknd,89,3/20/20,0.68,0.826,0,-5.487,1,0.0212,1.24E-05,0.543,0.644,118.051,215627,4
Body,Megan Thee Stallion,73,11/20/20,0.914,0.732,8,-6.1,0,0.0166,0,0.107,0.469,94.066,171067,4
Best Friend (feat. Doja Cat),Doja Cat,76,1/7/21,0.84,0.766,4,-4.12,1,0.00302,3.61E-06,0.0684,0.402,94.018,155884,4
"34+35 Remix (feat. Doja Cat, Megan Thee Stallion) - Remix",Megan Thee Stallion,68,1/15/21,0.88,0.662,0,-5.766,1,0.205,0,0.227,0.726,109.988,182438,4
What's Next,Drake,77,3/5/21,0.781,0.594,0,-6.959,0,0.0136,0,0.162,0.0628,129.895,178154,4
On The Ground,ROSE,69,3/12/21,0.311,0.607,1,-6.578,1,0.0174,0,0.131,0.286,188.7,168086,4
As I Am (feat. Khalid),Khalid,70,3/19/21,0.595,0.543,11,-8.149,1,0.127,0,0.0975,0.109,99.928,174406,4
Met Him Last Night (feat. Ariana Grande),Ariana Grande,61,4/2/21,0.538,0.512,4,-4.548,0,0.22,0,0.101,0.12,144.978,204632,4
pov,Ariana Grande,77,10/30/20,0.487,0.534,0,-5.664,0,0.36,0,0.1,0.173,131.798,201882,4
m y . l i f e (with 21 Savage & Morray),Morray,79,5/14/21,0.597,0.587,7,-7.026,0,0.0622,0,0.214,0.0753,140.021,218802,4
Yonaguni,Bad Bunny,88,6/4/21,0.644,0.648,1,-4.601,1,0.276,0,0.135,0.44,179.951,206710,4
Need to Know,Doja Cat,71,6/11/21,0.664,0.609,1,-6.509,1,0.304,0,0.0926,0.194,130.041,210560,4
You Right,The Weeknd,85,6/25/21,0.828,0.621,8,-6.414,1,0.0164,0.00233,0.0845,0.436,128.986,186173,4
I WANNA BE YOUR SLAVE,Maneskin,84,3/19/21,0.75,0.608,1,-4.008,1,0.00165,0,0.178,0.958,132.507,173347,4
Permission to Dance,BTS,13,7/9/21,0.702,0.741,9,-5.33,1,0.00544,0,0.337,0.646,124.925,187585,4
Motley Crew,Post Malone,79,7/9/21,0.797,0.631,3,-3.818,0,0.0904,3.71E-06,0.0998,0.288,129.915,184213,4
Fair Trade (with Travis Scott),Travis Scott,84,9/3/21,0.666,0.465,1,-8.545,1,0.0503,0,0.215,0.292,167.937,291175,4
Hurricane,Kanye West,20,8/29/21,0.587,0.561,0,-6.569,1,0.0466,0,0.109,0.351,80.009,243187,4
Pepas,Farruko,88,6/24/21,0.762,0.766,7,-3.955,1,0.00776,6.98E-05,0.128,0.442,130.001,287120,4
Rumors (feat. Cardi B),Cardi B,75,8/13/21,0.827,0.731,4,-5.524,0,0.13,0,0.418,0.607,118.992,172833,4
t r a n s p a r e n t s o u l feat. Travis Barker,Travis Barker,70,4/27/21,0.39,0.83,11,-5.201,0,0.0021,0,0.156,0.191,90.021,168030,4
Leave Before You Love Me (with Jonas Brothers),Jonas Brothers,85,5/21/21,0.721,0.738,7,-4.77,1,0.00226,4.41E-06,0.118,0.637,119.976,154983,4
Girl From Rio,Anitta,61,4/29/21,0.692,0.639,0,-6.717,1,0.00727,0,0.199,0.733,140.059,194422,4
Arcade (feat. FLETCHER),FLETCHER,71,11/27/20,0.446,0.395,0,-9.328,1,0.815,0.00216,0.128,0.267,71.944,187453,3
Life Goes On,Oliver Tree,80,5/28/21,0.7,0.49,0,-5.187,1,0.186,0,0.117,0.569,79.982,161803,4
Dick (feat. Doja Cat),Doja Cat,73,4/23/21,0.647,0.608,9,-6.831,1,0.13,0,0.0584,0.474,125.994,175238,4
Praise God,Kanye West,81,8/29/21,0.798,0.545,1,-6.466,1,0.00904,9.48E-05,0.258,0.212,118.029,226653,4
Just the Way You Are,Bruno Mars,82,10/5/10,0.635,0.841,5,-5.379,1,0.0134,0,0.0622,0.424,109.021,220734,4
Love The Way You Lie,Rihanna,82,6/18/10,0.749,0.925,10,-5.034,1,0.241,0,0.52,0.641,86.989,263373,4
Bad Romance,Lady Gaga,82,11/5/09,0.696,0.921,0,-3.755,1,0.00314,5.24E-05,0.0842,0.714,119.001,294573,4
Alors on danse - Radio Edit,Stromae,79,1/1/10,0.791,0.59,1,-9.206,0,0.0994,0.00203,0.065,0.714,119.951,206067,4
TiK ToK,Kesha,81,1/1/10,0.755,0.837,2,-2.718,0,0.0991,0,0.289,0.714,120.028,199693,4
Memories (feat. Kid Cudi),Kid Cudi,69,8/21/09,0.561,0.87,8,-6.103,1,0.0015,2.82E-06,0.246,0.498,129.98,210093,4
Dynamite,Taio Cruz,81,1/1/10,0.751,0.783,4,-3.724,1,0.00379,0,0.036,0.816,119.975,202613,4
Only Girl (In The World),Rihanna,78,1/1/10,0.789,0.706,11,-4.233,0,0.112,1.71E-05,0.0586,0.638,125.911,235493,4
California Gurls,Snoop Dogg,76,3/12/12,0.791,0.754,0,-3.729,1,0.00446,0,0.163,0.425,125.014,234653,4
Misery,Maroon 5,65,2010,0.704,0.81,4,-4.874,0,0.000315,0,0.216,0.726,102.98,216200,4
Mine,Taylor Swift,65,10/25/10,0.624,0.757,7,-2.94,1,0.00265,1.87E-06,0.189,0.658,121.07,230707,4
Animal,Neon Trees,71,1/1/10,0.482,0.833,5,-5.611,1,0.000346,0,0.365,0.74,148.039,212293,4
Telephone,Beyonce,71,11/5/09,0.824,0.836,3,-5.903,1,0.00521,0.000817,0.112,0.716,122.014,220640,4
Your Love Is My Drug,Kesha,71,1/1/10,0.826,0.612,1,-3.891,1,0.00681,0,0.0889,0.756,120.057,187133,4
Talking to the Moon,Bruno Mars,82,10/5/10,0.498,0.59,1,-4.721,0,0.511,0,0.107,0.0784,145.867,217867,4
Can't Be Tamed,Miley Cyrus,65,1/1/10,0.63,0.91,11,-2.919,0,0.0287,0,0.196,0.743,116.98,168213,4
What You Know,Two Door Cinema Club,72,2/17/10,0.561,0.741,6,-4.239,0,0.000715,1.40E-05,0.0822,0.776,139.001,191707,4
Teenage Dream,Katy Perry,72,1/1/10,0.719,0.798,10,-4.582,1,0.0162,2.34E-06,0.134,0.591,120.011,227741,4
Eenie Meenie,Sean Kingston,66,2/28/20,0.734,0.639,1,-3.241,1,0.0348,0,0.102,0.836,121.212,201653,4
Back To December,Taylor Swift,67,10/25/10,0.529,0.67,2,-4.663,1,0.117,0,0.334,0.286,141.893,293027,4
My First Kiss (feat. Ke$ha),Kesha,64,6/25/10,0.682,0.889,0,-4.166,1,0.00564,0,0.36,0.827,138.021,192440,4
Take It Off,Kesha,70,1/1/10,0.729,0.675,5,-5.292,0,4.14E-05,0.00126,0.0867,0.74,125.036,215200,4
Baby,Ludacris,82,1/1/10,0.728,0.859,5,-5.237,0,0.0401,0,0.111,0.535,65.043,214240,4
Cooler Than Me - Single Mix,Matt Masurka,77,8/9/10,0.768,0.82,7,-4.63,0,0.179,0,0.689,0.625,129.965,213293,4
Gold Dust - Radio Edit,DJ Fresh,65,7/30/10,0.451,0.948,0,-0.74,1,0.255,0,0.392,0.295,176.985,192447,4
STARSTRUKK (feat. Katy Perry),Matt Squire,66,1/16/09,0.607,0.805,11,-5.579,0,0.00175,0,0.231,0.232,139.894,202667,4
Alejandro,Lady Gaga,70,11/5/09,0.623,0.793,11,-6.63,0,0.000397,0.0015,0.375,0.36,98.998,274213,4
Dancing On My Own - Radio Edit,Robyn,61,1/1/10,0.573,0.926,6,-6.045,1,0.00202,0.0117,0.127,0.219,117.047,278080,4
King of Anything,Sara Bareilles,62,9/7/10,0.676,0.762,1,-4.172,1,0.461,0,0.0574,0.81,119.003,207493,4
Te Amo,Rihanna,69,11/20/09,0.567,0.707,8,-5.455,0,0.541,0.000176,0.1,0.751,171.917,208427,4
Higher,The Saturdays,62,1/1/10,0.639,0.862,10,-3.292,1,0.049,6.81E-06,0.264,0.596,117.011,207613,4
Blah Blah Blah (feat. 3OH!3),3OH!3,62,1/1/10,0.752,0.836,10,-3.173,1,0.0843,0.000425,0.424,0.519,120.003,172053,4
Imma Be,Black Eyed Peas,68,1/1/09,0.597,0.517,0,-6.963,1,0.179,0,0.307,0.413,92.035,257560,4
Bottoms Up (feat. Nicki Minaj),Nicki Minaj,73,9/14/10,0.844,0.601,1,-5.283,1,0.0205,0,0.385,0.331,73.989,242013,4
I Like It,Pitbull,67,1/1/10,0.646,0.94,10,-2.856,0,0.0209,0,0.0691,0.704,129.011,231787,4
Carry Out (Featuring Justin Timberlake),Justin Timberlake,69,1/1/09,0.531,0.574,10,-6.693,0,0.114,0.0308,0.256,0.272,115.68,232467,5
Stuck Like Glue,Sugarland,68,1/1/10,0.702,0.795,1,-4.764,1,0.329,0,0.0505,0.836,83.961,247587,4
Rude Boy,Rihanna,76,11/20/09,0.563,0.75,11,-4.496,1,0.113,0,0.0788,0.812,173.906,222920,4
Like A G6,DEV,71,1/1/10,0.435,0.837,3,-8.126,1,0.00676,0,0.117,0.778,124.913,216893,4
All Time Low,The Wanted,56,1/1/10,0.69,0.617,8,-5.022,0,0.35,0,0.0789,0.787,134.023,205200,4
Commander,David Guetta,47,1/1/11,0.395,0.876,11,-3.859,0,0.0173,8.46E-06,0.362,0.567,124.638,218107,4
Whataya Want from Me,Adam Lambert,64,11/23/09,0.44,0.683,11,-4.732,0,0.00706,0,0.0593,0.445,185.948,227320,4
Forget You,CeeLo Green,65,11/9/10,0.696,0.875,0,-3.682,1,0.134,0,0.159,0.772,127.39,222733,4
What's My Name?,Drake,71,1/1/10,0.689,0.784,2,-2.972,1,0.182,0,0.0843,0.561,99.954,263173,4
DJ Got Us Fallin' In Love (feat. Pitbull),Pitbull,80,3/30/10,0.663,0.861,7,-3.398,0,0.0338,0,0.082,0.654,119.963,220800,4
No Hands (feat. Roscoe Dash & Wale),Wale,59,9/6/10,0.76,0.595,1,-6.366,1,0.00544,0,0.241,0.361,131.497,263773,4
Down,Lil Wayne,79,1/1/09,0.727,0.68,2,-4.498,1,0.0101,0,0.0821,0.728,132.012,212507,4
Nothin' on You (feat. Bruno Mars),Bruno Mars,75,4/27/10,0.688,0.853,10,-5.814,1,0.386,0,0.0862,0.743,103.993,268320,4
If We Ever Meet Again (Featuring Katy Perry),Katy Perry,70,1/1/09,0.652,0.605,8,-7.371,1,0.00481,0,0.0605,0.394,126.091,292707,4
Find Your Love,Drake,66,1/1/10,0.627,0.614,6,-6.006,0,0.0211,0,0.0286,0.758,96.038,208947,4
This Ain't a Love Song,Scouting For Girls,51,10/13/17,0.458,0.905,0,-4.157,1,0.000431,0,0.378,0.553,176.667,210680,4
Half of My Heart,John Mayer,64,11/13/09,0.681,0.593,5,-9.327,1,0.435,0.000117,0.106,0.731,115.058,250373,4
Fireflies,Owl City,79,1/1/09,0.512,0.662,3,-6.797,1,0.0275,0,0.118,0.472,180.114,228347,4
Kickstarts,Example,64,6/20/10,0.61,0.836,5,-4.455,1,0.00374,0,0.358,0.657,126.056,181827,4
Impossible,Shontelle,72,1/1/10,0.6,0.624,8,-3.631,1,0.385,0,0.125,0.529,90.036,226533,4
Today Was A Fairytale,Taylor Swift,51,2/15/11,0.491,0.703,7,-4.5,1,0.0307,5.72E-06,0.167,0.344,157.988,242480,4
Magic (feat. Rivers Cuomo),Rivers Cuomo,67,4/27/10,0.549,0.932,8,-4.11,0,0.0127,0,0.347,0.787,82.439,196133,4
OMG (feat. will.i.am),will.i.am,74,3/30/10,0.781,0.745,4,-5.81,0,0.198,1.14E-05,0.36,0.326,129.998,269493,4
Starry Eyed,Ellie Goulding,56,1/1/10,0.504,0.814,5,-5.346,0,0.135,1.42E-05,0.324,0.596,149.967,176613,4
Live Like We're Dying,Kris Allen,54,11/16/09,0.589,0.893,0,-2.948,1,0.0273,0,0.343,0.94,92.011,212507,4
Ridin' Solo,Jason Derulo,66,2/24/10,0.442,0.83,9,-4.02,1,0.128,0,0.129,0.578,89.338,215747,4
Hard,Jeezy,56,11/20/09,0.31,0.746,1,-3.599,1,0.0121,0,0.649,0.163,182.032,250600,4
Need You Now,Lady A,65,1/1/10,0.581,0.717,4,-4.433,1,0.0298,0.000186,0.243,0.316,107.884,236440,4
Don't Stop Believin' (Glee Cast Version),Glee Cast,61,11/2/09,0.473,0.604,7,-4.034,1,0.0376,0,0.103,0.271,123.848,232000,4
Say Aah (feat. Fabolous),Fabolous,63,8/31/09,0.724,0.87,1,-3.614,0,0.00453,0,0.833,0.81,93.01,207547,4
My Chick Bad,Nicki Minaj,68,1/1/10,0.624,0.723,1,-6.782,1,0.172,0,0.483,0.757,84.789,216933,4
Billionaire (feat. Bruno Mars),Bruno Mars,73,3/9/10,0.633,0.673,6,-6.403,0,0.297,0,0.206,0.659,86.776,211160,4
Break Your Heart,Taio Cruz,76,1/1/10,0.607,0.934,3,-4.217,1,0.0327,0,0.0909,0.568,122.01,201547,4
If I Die Young,The Band Perry,70,1/1/10,0.606,0.497,4,-6.611,1,0.348,0,0.275,0.362,130.739,222773,4
Replay,Iyaz,73,8/11/09,0.706,0.751,9,-6.323,1,0.173,0,0.168,0.195,91.031,182307,4
Club Can't Handle Me (feat. David Guetta),David Guetta,76,11/24/10,0.616,0.869,0,-3.911,1,0.0283,0,0.064,0.473,127.966,234560,4
Deuces (feat. Tyga & Kevin McCall),Kevin McCall,69,3/22/11,0.692,0.736,1,-5.109,1,0.0324,0,0.0787,0.217,73.987,276560,4
Hey Daddy (Daddy's Home),Usher,62,3/30/10,0.59,0.698,11,-4.262,1,0.000176,0,0.107,0.352,95.975,224093,4
BedRock,Lloyd,71,1/1/09,0.733,0.664,8,-6.163,1,0.102,0,0.191,0.557,148.005,288133,4
"Hey, Soul Sister",Train,83,12/1/10,0.673,0.886,1,-4.44,0,0.185,0,0.0826,0.795,97.012,216773,4
Pack Up,Eliza Doolittle,41,2010,0.671,0.808,11,-5.691,1,0.296,0,0.211,0.867,133.031,191027,4
In My Head,Jason Derulo,63,2/24/10,0.762,0.748,0,-4.15,0,0.0266,0,0.348,0.851,110.009,199027,4
Heartbreak Warfare,John Mayer,65,11/13/09,0.624,0.554,2,-8.113,1,0.191,0.00131,0.299,0.311,97.031,269720,4
Do You Remember,Lil Jon,68,1/1/09,0.854,0.674,11,-4.896,1,0.0204,0,0.101,0.818,125.845,210800,4
For the First Time,The Script,62,1/18/11,0.396,0.629,9,-4.78,1,0.0328,0,0.183,0.358,173.794,252853,4
The Flood,Take That,58,1/1/10,0.514,0.83,11,-6.077,0,0.0378,1.43E-06,0.122,0.138,100.631,289360,4
Airplanes (feat. Hayley Williams of Paramore),Hayley Williams,75,4/27/10,0.66,0.867,6,-4.285,0,0.11,0,0.0368,0.377,93.033,180480,4
The Time (Dirty Bit),Black Eyed Peas,71,1/1/10,0.816,0.813,6,-7.798,0,0.0662,2.77E-06,0.602,0.436,127.979,307640,4
Teach Me How to Dougie,Cali Swag District,67,7/12/11,0.846,0.438,11,-4.981,1,0.2,9.43E-05,0.0939,0.512,85.013,237480,4
Hot - Malibu Breeze Radio Edit,INNA,40,2/2/10,0.808,0.705,7,-7.884,1,0.0599,0.287,0.262,0.505,127.929,223813,4
Whatcha Say,Jason Derulo,67,2/24/10,0.615,0.711,11,-5.507,1,0.0444,0,0.145,0.711,144.036,221253,4
Seek Bromance (Avicii Vocal Edit),Tim Berg,51,11/12/10,0.49,0.811,1,-2.524,0,0.0896,0,0.0898,0.547,125.965,200992,4
Over,Drake,68,1/1/10,0.35,0.845,7,-5.614,1,0.0107,0,0.123,0.45,99.643,233560,5
When We Collide,Matt Cardle,47,1/9/11,0.443,0.683,2,-5.521,1,0.0198,5.26E-06,0.313,0.447,81.986,226000,4
Barbra Streisand (Radio Edit),Duck Sauce,59,10/15/10,0.763,0.925,1,-1.997,1,0.000737,0.136,0.218,0.455,127.95,194531,4
Beautiful Monster,Ne-Yo,58,1/1/10,0.708,0.771,5,-6.99,0,0.209,5.32E-06,0.277,0.494,128.013,251573,4
Gettin' Over You (feat. Fergie & LMFAO),LMFAO,51,8/21/09,0.615,0.913,10,-5.077,0,0.178,0,0.0773,0.45,129.944,188000,4
Stereo Love - Radio Edit,Vika Jigulina,69,2/2/10,0.799,0.783,1,-3.896,0,0.0346,0.0186,0.0757,0.586,127.041,184573,4
She Said,Plan B,35,4/12/10,0.719,0.537,3,-6.301,0,0.303,2.85E-06,0.164,0.833,146.975,210867,4
Miami 2 Ibiza - Swedish House Mafia vs. Tinie Tempah,Tinie Tempah,48,5/31/10,0.736,0.929,7,-5.89,0,0.00237,1.11E-05,0.402,0.658,125.03,206461,4
How Low,Ludacris,64,1/1/10,0.785,0.498,1,-6.977,1,0.00248,1.23E-06,0.224,0.418,143.96,201587,4
Pass Out,Tinie Tempah,47,5/31/10,0.693,0.891,1,-3.261,1,0.0281,0,0.143,0.532,91.1,268053,4
Try Sleeping with a Broken Heart,Alicia Keys,61,12/15/09,0.496,0.821,5,-5.155,1,0.158,0.246,0.13,0.549,110.977,249013,5
Danza Kuduro,Lucenzo,78,1/1/10,0.4,0.915,0,-4.89,1,0.0846,0,0.0503,0.878,88.917,198773,3
Your Song - Bonus Track,Ellie Goulding,63,1/1/10,0.547,0.197,10,-12.002,1,0.941,0.000756,0.144,0.402,133.85,191827,4
"Quevedo: Bzrp Music Sessions, Vol. 52",Quevedo,99,7/6/22,0.621,0.782,2,-5.548,1,0.0125,0.033,0.23,0.55,128.033,198938,4
As It Was,Harry Styles,94,5/20/22,0.52,0.731,6,-5.338,0,0.342,0.00101,0.311,0.662,173.93,167303,4
Me Porto Bonito,Chencho Corleone,100,5/6/22,0.911,0.712,1,-5.105,0,0.0901,2.68E-05,0.0933,0.425,92.005,178567,4
Efecto,Bad Bunny,97,5/6/22,0.801,0.475,7,-8.797,0,0.141,1.73E-05,0.0639,0.234,98.047,213061,4
Moscow Mule,Bad Bunny,96,5/6/22,0.804,0.674,5,-5.453,0,0.294,1.18E-06,0.115,0.292,99.968,245940,4
Heat Waves,Glass Animals,90,8/6/20,0.761,0.525,11,-6.9,1,0.44,6.70E-06,0.0921,0.531,80.87,238805,4
PROVENZA,KAROL G,95,4/22/22,0.87,0.516,1,-8.006,1,0.656,0.00823,0.11,0.53,111.005,210200,4
About Damn Time,Lizzo,79,7/15/22,0.836,0.743,10,-6.305,0,0.0974,0,0.335,0.723,108.965,191938,4
Doja,Central Cee,88,7/21/22,0.911,0.573,6,-7.43,1,0.38,0,0.403,0.972,140.04,97393,4
Te Felicito,Rauw Alejandro,94,4/21/22,0.695,0.636,5,-4.654,1,0.234,0,0.081,0.575,174.14,172235,4
Tarot,Jhay Cortez,94,5/6/22,0.795,0.684,11,-3.971,0,0.0225,0,0.658,0.419,114.011,237895,4
Cold Heart - PNAU Remix,PNAU,85,10/22/21,0.795,0.8,1,-6.32,1,0.0354,7.25E-05,0.0915,0.934,116.032,202735,4
Party,Rauw Alejandro,94,5/6/22,0.829,0.799,9,-5.389,1,0.0151,0.000543,0.242,0.471,97.013,227629,4
Bam Bam (feat. Ed Sheeran),Ed Sheeran,84,4/7/22,0.756,0.697,8,-6.377,1,0.182,0,0.333,0.956,94.996,206071,4
GIVENCHY,Duki,75,7/20/22,0.607,0.619,8,-6.726,1,0.142,0,0.231,0.377,102.974,182611,3
Sunroof,dazy,91,12/3/21,0.768,0.714,10,-5.11,1,0.352,0,0.15,0.842,131.443,163026,4
La Bachata,Manuel Turizo,90,5/26/22,0.835,0.679,7,-5.329,0,0.583,1.98E-06,0.218,0.85,124.98,162638,4
First Class,Jack Harlow,83,5/6/22,0.902,0.582,5,-5.902,0,0.111,3.18E-06,0.111,0.332,107.005,173948,4
Ghost,Justin Bieber,89,3/19/21,0.601,0.741,2,-5.569,1,0.185,2.91E-05,0.415,0.441,153.96,153190,4
"Kesariya (From ""Brahmastra"")",Amitabh Bhattacharya,86,7/17/22,0.577,0.574,0,-6.525,1,0.572,0,0.1,0.436,94.009,268165,4
Una Noche en Medellin,Cris Mj,91,1/21/22,0.87,0.548,10,-5.253,0,0.0924,4.60E-05,0.0534,0.832,96.018,153750,4
La Corriente,Tony Dize,91,5/6/22,0.663,0.786,11,-3.51,0,0.229,0,0.219,0.579,196.12,198367,4
Despues de la Playa,Bad Bunny,92,5/6/22,0.564,0.903,5,-3.221,1,0.356,0,0.175,0.607,78.293,230400,4
Die For You,The Weeknd,83,11/24/16,0.586,0.525,1,-7.163,0,0.111,0,0.134,0.508,133.629,260253,4
MAMIII,KAROL G,82,5/13/22,0.836,0.703,4,-3.554,0,0.0845,0,0.138,0.902,94.048,226093,4
Shivers,Ed Sheeran,89,10/29/21,0.788,0.859,2,-2.724,1,0.281,0,0.0424,0.822,141.02,207853,4
"Villano Antillano: Bzrp Music Sessions, Vol. 51",Villano Antillano,89,6/8/22,0.82,0.752,1,-7.635,0,0.0584,0.00417,0.628,0.423,127.999,187500,4
Where Are You Now,Calum Scott,91,7/30/21,0.671,0.636,6,-8.117,0,0.515,0.000411,0.172,0.262,120.966,148197,4
Enemy (with JID) - from the series Arcane League of Legends,League of Legends,80,7/1/22,0.728,0.783,11,-4.424,0,0.237,0,0.434,0.555,77.011,173381,4
Afraid To Feel,LF SYSTEM,85,5/2/22,0.578,0.912,1,-3.929,1,0.0166,0.00362,0.273,0.68,127.87,177525,4
2step (feat. Lil Baby),Lil Baby,81,4/22/22,0.693,0.643,4,-5.867,0,0.138,0,0.108,0.477,95.055,163450,4
Beg For You (feat. Rina Sawayama),Rina Sawayama,66,3/18/22,0.788,0.945,9,-5.091,1,0.223,2.97E-06,0.115,0.466,128.036,168053,4
21 Reasons (feat. Ella Henderson),Ella Henderson,85,4/29/22,0.621,0.785,6,-4.499,1,0.0165,5.92E-06,0.0512,0.779,123.96,155253,4
For My Hand (feat. Ed Sheeran),Ed Sheeran,81,7/7/22,0.87,0.479,9,-7.779,1,0.161,0.000157,0.209,0.717,104.059,159124,4
Crazy What Love Can Do,Ella Henderson,87,4/8/22,0.601,0.713,4,-3.758,0,0.0282,0,0.158,0.464,122.872,169756,4
"1, 2, 3 (feat. Jason Derulo & De La Ghetto)",De La Ghetto,73,2/10/22,0.792,0.895,1,-3.112,0,0.165,0,0.0501,0.793,94.968,201526,4
BREAK MY SOUL,Beyonce,78,7/29/22,0.693,0.887,1,-5.039,0,0.0581,2.71E-06,0.27,0.864,114.942,278282,4
Don't Forget My Love,Miguel,66,3/4/22,0.638,0.875,2,-6.222,1,0.0239,0.0149,0.119,0.251,121.035,199091,4
Devil Doesn't Bargain,Alec Benjamin,82,4/15/22,0.448,0.606,3,-4.565,1,0.577,0,0.217,0.483,121.15,163613,4
Better Alone,Benson Boone,69,7/22/22,0.504,0.47,7,-6.105,1,0.49,0,0.101,0.184,126.039,209895,4
Tek It,Cafune,81,7/20/21,0.423,0.913,8,-5.354,1,6.53E-05,0,0.269,0.596,146.995,191823,4
MEAN!,Madeline The Person,76,4/29/22,0.502,0.416,7,-9.504,1,0.912,0,0.0934,0.433,175.191,143960,3
die first,Nessa Barrett,84,6/24/22,0.444,0.669,8,-6.727,0,0.0669,0,0.124,0.44,183.441,177109,4
Running Up That Hill (A Deal With God) - 2018 Remaster,Kate Bush,92,9/16/85,0.625,0.533,10,-11.903,0,0.659,0.00266,0.0546,0.139,108.296,300840,4
4U,Ofenbach,73,4/18/22,0.759,0.909,7,-4.388,0,0.212,0,0.142,0.539,122.871,149717,4
Maybe You're The Problem,Ava Max,82,4/28/22,0.53,0.835,9,-3.69,1,0.0453,0,0.0637,0.471,166.02,190319,4
2 Be Loved (Am I Ready),Lizzo,79,7/15/22,0.721,0.769,7,-4.111,1,0.0922,0,0.0817,0.915,155.932,187108,4
Hot In It,Charli XCX,83,6/30/22,0.748,0.841,7,-5.08,1,0.00445,1.33E-06,0.0413,0.717,123.045,129817,4
In The Stars,Benson Boone,88,4/29/22,0.362,0.54,10,-6.031,1,0.338,0,0.139,0.3,78.007,216410,3
Finesse,BNXN fka Buju,63,3/3/22,0.861,0.537,1,-8.199,0,0.504,0,0.289,0.769,102.014,151765,4
Me Myself & I,5 Seconds of Summer,74,5/11/22,0.575,0.556,4,-5.107,1,0.0303,0,0.0903,0.44,87.991,177879,4
Levitating,Dua Lipa,84,3/27/20,0.695,0.884,6,-2.278,0,0.0561,0,0.213,0.914,103.014,203808,4
My Head & My Heart,Ava Max,79,9/18/20,0.614,0.934,9,-3.709,0,0.0697,0,0.121,0.436,116.001,174760,4
NIGHTS LIKE THESE,Benson Boone,65,7/29/22,0.667,0.593,7,-6.016,0,0.369,0,0.112,0.458,95.947,172515,4
Hot Shit (feat. Ye & Lil Durk),Lil Durk,83,7/1/22,0.878,0.685,9,-5.28,1,0.00152,0,0.0753,0.523,157.003,211649,4
Envolver,Anitta,87,11/11/21,0.812,0.736,4,-5.421,0,0.152,0.00254,0.0914,0.396,91.993,193806,4
What Would You Do?,Bryson Tiller,78,3/18/22,0.687,0.895,9,-2.983,1,0.149,0.00592,0.121,0.686,124.041,174215,4
Attention (with Justin Bieber) - Disclosure Remix,Justin Bieber,64,6/17/22,0.633,0.891,8,-6.25,1,0.0375,0.0293,0.22,0.172,124.043,256646,4
sugar at the bottom,Hayley Kiyoko,57,7/29/22,0.866,0.565,1,-6.983,0,0.455,0.000226,0.246,0.549,101.985,185996,4
Sun Will Shine,Tom Walker,65,7/29/22,0.534,0.714,6,-6.347,0,0.00633,0,0.0879,0.415,125.99,201701,4
Used To Know Me,Charli XCX,70,3/18/22,0.711,0.931,1,-4.042,1,0.0914,4.41E-05,0.0892,0.775,118.009,145840,4
I Just Called,Latto,76,5/27/22,0.626,0.849,7,-3.662,1,0.0732,0,0.593,0.898,138.997,150560,4
Talk Dirty (feat. 2 Chainz),2 Chainz,70,9/10/13,0.76,0.652,6,-7.321,1,0.0348,0,0.307,0.759,100.315,177685,4
HUMBLE.,Kendrick Lamar,83,4/14/17,0.908,0.621,1,-6.638,0,0.000282,5.39E-05,0.0958,0.421,150.011,177000,4
Mirrors,Justin Timberlake,78,3/15/13,0.574,0.512,5,-6.664,0,0.234,0,0.0946,0.512,76.899,484147,4
Thunder,Imagine Dragons,84,6/23/17,0.605,0.822,0,-4.833,1,0.00671,0.134,0.147,0.288,167.997,187147,4
Believer,Imagine Dragons,87,6/23/17,0.776,0.78,10,-4.374,0,0.0622,0,0.081,0.666,124.949,204347,4
Set Fire to the Rain,Adele,1,1/19/11,0.61,0.683,2,-3.879,0,0.00382,1.79E-06,0.125,0.466,108.003,241693,4
Right Round,Flo Rida,75,3/30/09,0.72,0.672,7,-6.852,1,0.009,0,0.232,0.705,124.986,204640,4
Shut Up and Dance,WALK THE MOON,84,12/2/14,0.578,0.866,1,-3.804,1,0.00701,0,0.257,0.619,128.038,199080,4
High Hopes,Panic! At The Disco,82,6/22/18,0.579,0.904,5,-2.729,1,0.193,0,0.064,0.681,82.014,190947,4
Just Give Me a Reason (feat. Nate Ruess),Nate Ruess,81,9/18/12,0.778,0.547,2,-7.273,1,0.346,0.000302,0.132,0.441,95.002,242733,4
The Monster,Rihanna,76,11/5/13,0.781,0.853,1,-3.68,0,0.0525,0,0.12,0.624,110.049,250189,4
No Guidance (feat. Drake),Drake,80,6/28/19,0.696,0.454,1,-6.756,0,0.123,0,0.155,0.136,92.928,260640,4
Bad and Boujee (feat. Lil Uzi Vert),Lil Uzi Vert,38,4/7/17,0.926,0.666,11,-5.314,1,0.0611,0,0.123,0.168,127.079,343150,4
Ho Hey,The Lumineers,62,1/1/12,0.685,0.474,0,-9.105,1,0.779,1.23E-06,0.149,0.36,79.991,161227,4
Wrecking Ball,Miley Cyrus,77,10/4/13,0.53,0.422,5,-6.262,1,0.407,0,0.107,0.349,119.964,221360,4
In My Feelings,Drake,77,6/29/18,0.835,0.626,1,-5.833,1,0.0589,6.00E-05,0.396,0.35,91.03,217925,4
Break Your Heart,Ludacris,62,1/1/10,0.666,0.899,8,-4.676,1,0.00155,0,0.0677,0.629,122.05,186267,4
Panda,Desiigner,68,2/26/16,0.685,0.731,10,-5.503,0,0.0292,0,0.369,0.266,145.245,247867,4
Super Bass,Nicki Minaj,1,1/1/10,0.72,0.861,11,-4.339,1,0.269,5.11E-06,0.601,0.669,126.991,200013,4
Heathens,Twenty One Pilots,81,6/16/16,0.732,0.396,4,-9.348,0,0.0841,3.58E-05,0.105,0.548,90.024,195920,4
Hotline Bling,Drake,78,5/6/16,0.891,0.628,2,-7.863,1,0.00258,0.00019,0.0504,0.552,134.966,267067,4
Take Me To Church,Hozier,82,7/20/14,0.566,0.664,4,-5.303,0,0.634,0,0.116,0.437,128.945,241688,4
Timber (feat. Ke$ha),Kesha,82,2012,0.581,0.963,11,-4.087,1,0.0295,0,0.139,0.788,129.992,204160,4
Meant to Be (feat. Florida Georgia Line),Florida Georgia Line,76,8/11/17,0.643,0.783,10,-6.458,1,0.047,0,0.083,0.579,154.084,163870,4
Sucker,Jonas Brothers,81,6/7/19,0.842,0.734,1,-5.065,0,0.0427,0,0.106,0.952,137.958,181027,4
Talk,Disclosure,70,2/7/19,0.9,0.4,0,-8.443,1,0.0501,0,0.0876,0.338,136.001,197487,4
Nice For What,Drake,78,6/29/18,0.585,0.909,8,-6.474,1,0.0891,9.70E-05,0.119,0.758,93.372,210747,4
What Do You Mean?,Justin Bieber,78,11/13/15,0.845,0.567,5,-8.118,0,0.59,0.00142,0.0811,0.793,125.02,205680,4
Truth Hurts,Lizzo,64,5/3/19,0.715,0.624,4,-3.046,0,0.11,0,0.123,0.412,158.087,173325,4
Smack That,Eminem,80,1/1/06,0.939,0.742,5,-5.171,0,0.321,0,0.107,0.924,118.978,212360,4
Stronger (What Doesn't Kill You),Kelly Clarkson,75,10/24/11,0.562,0.939,0,-4.282,1,0.046,0,0.112,0.684,116.044,221947,4
Cheerleader - Felix Jaehn Remix Radio Edit,Felix Jaehn,79,10/16/15,0.782,0.685,4,-6.237,1,0.166,1.18E-05,0.16,0.603,118.016,180566,4
"CAN'T STOP THE FEELING! (from DreamWorks Animation's ""TROLLS"")",Justin Timberlake,78,5/6/16,0.666,0.83,0,-5.715,1,0.0123,0,0.191,0.702,113.03,236002,4
Watch Me (Whip / Nae Nae),Silento,66,5/4/15,0.821,0.759,8,-8.541,1,0.247,0,0.321,0.962,140.01,185143,4
Psycho (feat. Ty Dolla $ign),Ty Dolla $ign,78,4/27/18,0.75,0.56,8,-8.094,1,0.546,0,0.111,0.459,140.06,221440,4
Hot N Cold,Katy Perry,71,6/17/08,0.706,0.841,7,-3.956,1,7.95E-05,0,0.0688,0.861,132.032,220227,4
Payphone,Wiz Khalifa,73,6/20/21,0.739,0.756,4,-4.828,1,0.0136,0,0.37,0.523,110.028,231387,4
Here Without You,3 Doors Down,76,11/12/02,0.557,0.533,10,-6.817,0,0.0492,0,0.205,0.233,143.994,238733,4
Unwell,Matchbox Twenty,66,11/1/02,0.256,0.788,6,-5.263,0,0.0298,0,0.707,0.429,80.718,228707,4
Sugar,Maroon 5,81,9/2/14,0.748,0.788,1,-7.055,1,0.0591,0,0.0863,0.884,120.076,235493,4
Rude,MAGIC!,81,6/25/14,0.773,0.758,1,-4.993,1,0.0422,0,0.305,0.925,144.033,224840,4
Disturbia,Rihanna,77,6/2/08,0.707,0.813,11,-4.515,0,0.0863,0,0.168,0.722,124.921,238627,4
Temperature,Sean Paul,79,9/26/05,0.951,0.6,0,-4.675,0,0.106,0,0.0712,0.822,125.04,218573,4
I'm Yours,Jason Mraz,80,5/12/08,0.703,0.444,11,-9.331,1,0.559,0,0.0973,0.712,150.96,242947,4
I'm an Albatraoz,Little Sis Nora,72,8/8/14,0.883,0.817,0,-5.414,1,0.601,0.00449,0.11,0.595,128.078,166849,4
SexyBack (feat. Timbaland),Timbaland,78,9/12/06,0.967,0.583,7,-5.562,0,0.0584,0,0.0519,0.964,117,242733,4
How to Save a Life,The Fray,80,9/13/05,0.64,0.743,10,-4.08,1,0.269,0,0.101,0.361,122.035,262533,4
Umbrella,JAY-Z,82,6/2/08,0.583,0.829,1,-4.603,1,0.00864,0,0.0426,0.575,174.028,275987,4
Stay With Me,Sam Smith,81,5/26/14,0.418,0.42,0,-6.444,1,0.588,6.39E-05,0.11,0.184,84.094,172724,4
Some Nights,fun.,71,2/14/12,0.672,0.738,0,-7.045,1,0.0178,6.75E-05,0.0927,0.392,107.938,277040,4
Cheap Thrills (feat. Sean Paul),Sean Paul,69,2/11/16,0.592,0.8,6,-4.931,0,0.0561,2.01E-06,0.0775,0.728,89.972,224813,4
Wow.,Post Malone,80,9/6/19,0.829,0.539,11,-7.359,0,0.136,1.78E-06,0.103,0.388,99.96,149547,4
Get Busy,Sean Paul,75,11/12/02,0.735,0.824,10,-4.143,0,0.615,0,0.158,0.726,100.202,211666,4
Can't Feel My Face,The Weeknd,81,8/28/15,0.705,0.769,9,-5.526,0,0.113,0,0.105,0.583,107.949,213520,4
Fancy,Charli XCX,69,1/1/14,0.912,0.716,10,-4.141,0,0.0904,0,0.0491,0.377,94.981,199938,4
Viva La Vida,Coldplay,82,5/26/08,0.486,0.617,5,-7.115,0,0.0954,3.23E-06,0.109,0.417,138.015,242373,4
Since U Been Gone,Kelly Clarkson,71,2004,0.662,0.739,9,-5.354,0,0.00206,0.0603,0.113,0.382,130.999,188960,4
Wake Me Up,Avicii,9,9/13/13,0.532,0.783,2,-5.697,1,0.0038,0.0012,0.161,0.643,124.08,247427,4
Empire State Of Mind,Alicia Keys,83,9/8/09,0.491,0.956,11,-1.538,1,0.0295,0,0.46,0.811,173.585,276920,4
Grenade,Bruno Mars,78,10/5/10,0.704,0.558,2,-7.273,0,0.148,0,0.107,0.245,110.444,222091,4
Promiscuous,Timbaland,44,1/1/10,0.807,0.97,10,-6.056,0,0.0536,6.60E-05,0.149,0.876,114.297,242373,4
Work,Drake,76,1/28/16,0.725,0.534,11,-6.238,1,0.0752,0,0.0919,0.558,91.974,219320,4
Work from Home (feat. Ty Dolla $ign),Ty Dolla $ign,76,5/27/16,0.803,0.585,8,-5.861,1,0.103,3.94E-06,0.0644,0.593,105.017,214480,4
Hello,Adele,1,6/24/16,0.481,0.451,5,-6.095,0,0.336,0,0.0872,0.289,157.966,295493,4
Kryptonite,3 Doors Down,79,2000,0.545,0.865,11,-5.708,0,0.00664,1.10E-05,0.168,0.543,99.009,233933,4
Poker Face,Lady Gaga,76,1/1/08,0.851,0.806,4,-4.62,1,0.118,1.64E-06,0.121,0.787,118.999,237200,4
Hollaback Girl,Gwen Stefani,70,11/22/04,0.926,0.916,10,-2.221,0,0.35,6.17E-06,0.0234,0.904,110.007,199853,4
Dynamite,Taio Cruz,67,1/1/10,0.754,0.804,4,-3.177,1,0.00332,0,0.0329,0.818,119.968,203867,4
Crazy In Love (feat. Jay-Z),JAY-Z,77,6/24/03,0.646,0.77,2,-6.596,0,0.00249,0,0.0715,0.681,99.165,236133,4
Sorry,Justin Bieber,80,11/13/15,0.654,0.76,0,-3.669,0,0.0797,0,0.299,0.41,99.945,200787,4
Locked out of Heaven,Bruno Mars,86,12/7/12,0.726,0.698,5,-4.165,1,0.049,0,0.309,0.867,143.994,233478,4
Need You Now,Lady A,74,1/1/10,0.581,0.717,4,-4.433,1,0.0298,0.000186,0.243,0.316,107.884,236440,4
"Give Me Everything (feat. Ne-Yo, Afrojack & Nayer)",Nayer,82,6/17/11,0.671,0.939,8,-3.206,1,0.191,0,0.298,0.53,129.024,252307,4
Firework,Katy Perry,72,3/12/12,0.638,0.826,8,-4.968,1,0.139,0,0.0803,0.649,124.072,227880,4
Live Your Life,Rihanna,75,9/7/08,0.375,0.862,11,-3.363,0,0.071,0,0.211,0.478,159.841,338853,4
Just Dance,Colby O'Donis,74,1/1/08,0.822,0.739,1,-4.541,0,0.0264,4.26E-05,0.181,0.745,118.992,241933,4
Love Yourself,Justin Bieber,83,11/13/15,0.609,0.378,4,-9.828,1,0.835,0,0.28,0.515,100.418,233720,4
Run It! (feat. Juelz Santana),Juelz Santana,72,2005,0.846,0.482,1,-6.721,0,0.0246,0,0.393,0.212,100.969,229867,4
"Lose Yourself - From ""8 Mile"" Soundtrack",Eminem,77,12/6/05,0.692,0.744,2,-4.565,1,0.00868,0.000423,0.359,0.0612,171.374,326467,4
Hanging By A Moment,Lifehouse,67,2000,0.541,0.864,1,-4.915,1,0.00118,0,0.0896,0.435,124.557,216067,4
Irreplaceable,Beyonce,71,5/29/07,0.447,0.694,7,-4.637,0,0.0293,5.46E-06,0.167,0.509,175.868,227853,4
Counting Stars,OneRepublic,78,1/1/14,0.664,0.705,1,-4.972,0,0.0654,0,0.115,0.477,122.017,257840,4
In Da Club,50 Cent,83,2/6/03,0.899,0.713,6,-2.752,0,0.255,0,0.0708,0.777,90.051,193467,4
Crank That (Soulja Boy),Soulja Boy,75,1/1/07,0.736,0.74,0,-2.18,1,0.515,0,0.0468,0.803,140.141,221933,4
Hey Ya!,Outkast,81,2003,0.727,0.974,4,-2.261,0,0.103,0.000532,0.174,0.965,79.526,235213,4
Someone Like You,Adele,2,1/19/11,0.559,0.33,9,-8.251,1,0.892,0,0.0975,0.285,135.109,285040,4
Sexy And I Know It,LMFAO,57,12/1/10,0.707,0.861,7,-4.225,1,0.1,0,0.191,0.795,130.021,199480,4
Radioactive,Imagine Dragons,62,9/4/12,0.448,0.784,9,-3.686,1,0.106,0.000108,0.668,0.236,136.245,186813,4
One Dance,Kyla,86,5/6/16,0.792,0.625,1,-5.609,1,0.00776,0.0018,0.329,0.37,103.967,173987,4
Shake It Off,Taylor Swift,81,1/1/14,0.647,0.8,7,-5.384,1,0.0647,0,0.334,0.942,160.078,219200,4
Happier,Ed Sheeran,80,3/3/17,0.522,0.385,0,-7.355,1,0.536,0,0.135,0.236,89.792,207520,4
The Hills,The Weeknd,87,8/28/15,0.585,0.564,0,-7.063,0,0.0671,0,0.135,0.137,113.003,242253,4
Bleeding Love,Leona Lewis,75,2007,0.638,0.656,5,-5.886,1,0.188,0,0.146,0.225,104.036,262467,4
No One,Alicia Keys,78,11/9/07,0.644,0.549,1,-5.415,0,0.0209,8.85E-06,0.134,0.167,90.04,253813,4
Down,Lil Wayne,4,1/1/09,0.657,0.695,2,-4.493,1,0.0108,0,0.0822,0.683,65.997,212107,4
Big Girls Don't Cry (Personal),Fergie,44,9/13/06,0.708,0.641,7,-4.296,1,0.205,0,0.0945,0.253,113.082,268120,4
Fergalicious,will.i.am,72,9/13/06,0.906,0.583,8,-7.721,0,0.0569,0,0.126,0.829,129.056,292373,4
We Are Young (feat. Janelle Monae),Janelle Monae,77,2/14/12,0.378,0.638,10,-5.576,1,0.02,7.66E-05,0.0849,0.735,184.086,250627,4
One More Night,Maroon 5,71,1/1/12,0.718,0.82,5,-3.453,0,0.0444,0,0.0846,0.613,92.998,219467,4
Thrift Shop (feat. Wanz),Wanz,1,10/10/12,0.781,0.526,6,-6.985,0,0.0619,0,0.0457,0.662,94.992,235613,4
Dark Horse,Juicy J,75,10/18/13,0.645,0.585,6,-6.122,1,0.00314,0,0.165,0.353,131.931,215672,4
See You Again (feat. Charlie Puth),Charlie Puth,82,2015,0.689,0.481,10,-7.503,1,0.369,1.03E-06,0.0649,0.283,80.025,229526,4
rockstar (feat. 21 Savage),21 Savage,84,4/27/18,0.585,0.52,5,-6.136,0,0.124,7.01E-05,0.131,0.129,159.801,218147,4
Dilemma,Kelly Rowland,78,6/25/02,0.727,0.552,2,-8.074,0,0.227,0.000164,0.198,0.607,168.189,289160,4
"Happy - From ""Despicable Me 2""",Pharrell Williams,81,3/3/14,0.647,0.822,5,-4.662,0,0.219,0,0.0908,0.962,160.019,232720,4
Moves Like Jagger,Christina Aguilera,70,9/25/15,0.72,0.751,11,-4.484,0,0.0113,0,0.353,0.599,128.017,202640,4
Royals,Lorde,78,9/27/13,0.674,0.428,7,-9.504,1,0.121,0,0.132,0.337,84.878,190185,4
All About That Bass,Meghan Trainor,73,1/9/15,0.807,0.887,9,-3.726,1,0.0573,2.87E-06,0.124,0.961,134.052,187920,4
Burn,Ellie Goulding,67,1/1/13,0.559,0.777,1,-5.031,1,0.31,0,0.105,0.329,87.016,231212,4
Apologize - feat. One Republic,OneRepublic,75,1/1/07,0.653,0.604,8,-6.017,1,0.0292,0,0.097,0.101,118.016,184400,4
Boom Boom Pow,Black Eyed Peas,49,1/1/09,0.867,0.857,9,-5.892,1,0.13,0.00171,0.13,0.402,130.048,251440,4
Blurred Lines,Pharrell Williams,76,1/1/13,0.853,0.599,7,-4.756,1,0.00334,7.93E-06,0.0759,0.843,119.993,263827,4
Call Me Maybe,Carly Rae Jepsen,73,1/1/12,0.783,0.58,7,-6.548,1,0.0114,2.28E-06,0.108,0.66,120.021,193400,4
How You Remind Me,Nickelback,79,9/11/01,0.446,0.764,10,-5.042,1,0.00135,0,0.099,0.543,172.094,223840,4
Without Me,Eminem,88,5/26/02,0.908,0.669,7,-2.827,1,0.00286,0,0.237,0.662,112.238,290320,4
Without Me,Halsey,78,10/4/18,0.752,0.488,6,-7.05,1,0.297,9.11E-06,0.0936,0.533,136.041,201661,4
Rolling in the Deep,Adele,1,1/19/11,0.729,0.756,8,-5.119,1,0.131,0,0.0527,0.522,104.945,228293,4
Despacito - Remix,Justin Bieber,73,4/17/17,0.653,0.816,2,-4.353,1,0.228,0,0.0967,0.816,178.085,228827,4
Somebody That I Used To Know,Kimbra,76,1/1/11,0.864,0.495,0,-7.036,1,0.591,0.000133,0.0992,0.72,129.062,244973,4
Low (feat. T-Pain),T-Pain,81,3/17/08,0.918,0.609,10,-5.64,0,0.0928,0,0.139,0.304,128.008,231400,4
Old Town Road,Lil Nas X,76,6/21/19,0.907,0.53,1,-6.112,1,0.0578,2.23E-06,0.101,0.507,135.998,113000,4
We Found Love,Calvin Harris,77,11/19/11,0.735,0.766,1,-4.485,1,0.025,0.00138,0.108,0.6,127.985,215227,4
Yeah! (feat. Lil Jon & Ludacris),Ludacris,82,3/23/04,0.894,0.791,2,-4.699,1,0.0183,0,0.0388,0.583,105.018,250373,4
Girls Like You,Maroon 5,64,6/15/18,0.611,0.462,0,-7.054,1,0.558,1.01E-06,0.131,0.377,59.635,215230,4
I Gotta Feeling,Black Eyed Peas,66,1/1/09,0.743,0.766,0,-6.375,1,0.0873,0,0.509,0.61,127.96,289133,4
Party Rock Anthem,GoonRock,61,12/1/10,0.751,0.736,5,-4.168,0,0.0206,0,0.265,0.352,130.014,262147,4
"Let Me Go (with Alesso, Florida Georgia Line & watt)",WATT,77,9/8/17,0.664,0.708,8,-4.154,1,0.0337,0,0.0841,0.742,103.07,174800,4
All The Stars (with SZA),SZA,82,2/9/18,0.698,0.633,8,-4.946,1,0.0605,0.000194,0.0926,0.552,96.924,232187,4
Don't Wanna Know,Kendrick Lamar,59,11/3/17,0.783,0.61,7,-6.124,1,0.343,0,0.0983,0.418,100.047,214265,4
In the End,Linkin Park,84,10/24/00,0.556,0.864,3,-5.87,0,0.00958,0,0.209,0.4,105.143,216880,4
Fuck Love (feat. Trippie Redd),Trippie Redd,82,8/25/17,0.797,0.533,0,-9.74,0,0.0172,0.000152,0.103,0.329,131.036,146520,4
Fake Love,Drake,75,3/18/17,0.928,0.481,9,-9.35,0,0.105,0,0.176,0.613,134.007,210937,4
Call On Me,Starley,43,10/13/16,0.791,0.654,0,-7.109,1,0.126,0,0.0839,0.5,97.995,161633,4
Redbone,Childish Gambino,83,12/2/16,0.743,0.344,1,-11.174,1,0.169,0.00879,0.103,0.577,160.15,326933,4
"Sucker for Pain (with Wiz Khalifa, Imagine Dragons, Logic & Ty Dolla $ign feat. X Ambassadors)",Ty Dolla $ign,76,6/24/16,0.502,0.786,9,-4.378,0,0.255,0,0.65,0.739,169.021,243491,4
White Iverson,Post Malone,77,12/9/16,0.675,0.562,7,-7.678,1,0.233,0,0.0816,0.309,130.098,256533,4
Pompeii,Bastille,76,1/1/13,0.679,0.715,9,-6.383,1,0.0755,0,0.271,0.571,127.435,214148,4
Be Alright,Dean Lewis,80,6/29/18,0.553,0.586,11,-6.319,1,0.697,0,0.0813,0.443,126.684,196373,4
Wild Thoughts (feat. Rihanna & Bryson Tiller),Bryson Tiller,73,6/22/17,0.671,0.672,0,-3.094,0,0.0329,0,0.118,0.632,97.979,204173,4
Middle,Bipolar Sunshine,76,8/5/16,0.583,0.695,9,-5.336,1,0.0141,0,0.0527,0.224,104.879,220573,4
Firestone,Conrad Sewell,77,5/13/16,0.704,0.634,11,-7.374,0,0.393,3.17E-05,0.0952,0.411,113.927,271640,4
Strip That Down,Quavo,68,5/18/17,0.874,0.497,6,-5.484,1,0.22,0,0.0761,0.542,106.023,204502,4
Roses,ROZES,74,6/16/15,0.713,0.802,4,-7.055,1,0.0435,0.00377,0.309,0.343,100.001,226739,4
Pumped Up Kicks,Foster The People,84,5/23/11,0.733,0.71,5,-5.849,0,0.145,0.115,0.0956,0.965,127.975,239600,4
Titanium (feat. Sia),Sia,80,12/7/12,0.604,0.787,0,-3.674,0,0.0679,0.15,0.127,0.301,126.062,245040,4
More Than You Know,Axwell /\ Ingrosso,81,7/28/17,0.646,0.741,5,-4.973,0,0.0275,0,0.312,0.571,123.077,203000,4
Mercy,Shawn Mendes,80,4/20/17,0.555,0.662,11,-4.952,0,0.125,0,0.111,0.356,148.128,208733,4
Sorry Not Sorry,Demi Lovato,3,9/29/17,0.705,0.64,11,-6.928,0,0.0237,0,0.262,0.887,144.077,203760,4
when the party's over,Billie Eilish,82,3/29/19,0.367,0.111,4,-14.084,1,0.978,3.97E-05,0.0897,0.198,82.642,196077,4
Into You,Ariana Grande,3,5/20/16,0.623,0.734,9,-5.948,1,0.0162,1.75E-06,0.145,0.37,107.853,244453,4
Earned It (Fifty Shades Of Grey),The Weeknd,74,8/28/15,0.659,0.291,2,-8.275,0,0.405,0,0.0771,0.406,119.829,277680,3
In My Mind,Gigi D'Agostino,79,6/8/18,0.694,0.77,6,-5.335,1,0.176,1.10E-05,0.118,0.163,125.905,184560,4
Feel It Still,Portugal. The Man,77,6/16/17,0.801,0.795,1,-5.115,0,0.0417,0.000113,0.0717,0.754,79.028,163253,4
Issues,Julia Michaels,73,7/28/17,0.728,0.415,8,-6.852,1,0.401,0,0.0616,0.455,114.145,176320,4
Dusk Till Dawn (feat. Sia) - Radio Edit,Sia,78,9/7/17,0.259,0.437,11,-6.589,0,0.102,1.32E-06,0.106,0.0951,180.042,239000,4
Let You Down,NF,80,10/6/17,0.662,0.714,5,-5.68,0,0.312,0,0.179,0.464,147.997,212120,4
Fast Car,Dakota,68,12/4/15,0.644,0.57,9,-6.994,1,0.484,0,0.299,0.527,113.945,212424,4
Swalla (feat. Nicki Minaj & Ty Dolla $ign),Ty Dolla $ign,77,2/23/17,0.696,0.817,1,-3.862,1,0.075,0,0.187,0.782,98.064,216409,4
Scared to Be Lonely,Dua Lipa,78,1/27/17,0.584,0.54,1,-7.786,0,0.0895,0,0.261,0.195,137.972,220883,4
Paris,The Chainsmokers,72,1/13/17,0.646,0.644,2,-6.763,1,0.0243,0,0.0888,0.251,99.999,221520,4
'Till I Collapse,Nate Dogg,85,5/26/02,0.548,0.847,1,-3.237,1,0.0622,0,0.0816,0.1,171.447,297787,4
PILLOWTALK,ZAYN,78,3/25/16,0.584,0.7,11,-4.275,1,0.117,0,0.0939,0.438,124.944,202747,4
The Scientist,Coldplay,84,8/8/02,0.557,0.442,5,-7.224,1,0.731,1.46E-05,0.11,0.213,146.277,309600,4
Wolves,Marshmello,80,10/25/17,0.724,0.804,11,-4.614,0,0.124,0,0.204,0.306,124.987,197993,4
24K Magic,Bruno Mars,79,11/17/16,0.818,0.803,1,-4.282,1,0.034,0,0.153,0.632,106.97,225983,4
Castle on the Hill,Ed Sheeran,79,3/3/17,0.461,0.834,2,-4.868,1,0.0232,1.14E-05,0.14,0.471,135.007,261154,4
Symphony (feat. Zara Larsson),Zara Larsson,75,3/16/17,0.707,0.629,0,-4.581,0,0.259,1.60E-05,0.138,0.457,122.863,212459,4
Mr. Brightside,The Killers,62,6/15/04,0.356,0.924,1,-3.74,1,0.00101,0,0.0953,0.232,148.017,222587,4
Where Are U Now (with Justin Bieber),Justin Bieber,75,2/24/15,0.432,0.781,4,-4.038,0,0.041,4.21E-06,0.0789,0.197,139.432,250286,4
I'm Not The Only One,Sam Smith,83,5/26/14,0.677,0.485,5,-5.795,1,0.529,2.04E-05,0.0766,0.493,82.001,239317,4
Mask Off,Future,80,6/30/17,0.833,0.434,2,-8.795,1,0.0102,0.0219,0.165,0.281,150.062,204600,4
Starving,Zedd,75,7/22/16,0.728,0.616,4,-4.238,1,0.378,0,0.105,0.508,99.962,181880,4
Stay,Alessia Cara,77,2/23/17,0.69,0.622,5,-5.025,0,0.253,0,0.116,0.544,102.04,210091,4
Wonderwall - Remastered,Oasis,77,10/2/95,0.378,0.896,2,-4.066,1,0.000452,0,0.194,0.469,174.302,258773,4
Location,Khalid,78,4/27/17,0.736,0.449,1,-11.462,0,0.33,0.000162,0.0898,0.326,80.126,219080,4
Lush Life,Zara Larsson,79,3/17/17,0.694,0.712,7,-3.923,0,0.132,0,0.211,0.799,98.023,201122,4
FRIENDS,Anne-Marie,79,2/9/18,0.626,0.88,9,-2.384,0,0.205,0,0.128,0.534,95.079,202621,4
Young Dumb & Broke,Khalid,80,4/27/17,0.799,0.539,1,-6.351,1,0.199,1.66E-05,0.165,0.394,136.948,202547,4
"Me, Myself & I",Bebe Rexha,78,12/4/15,0.756,0.674,0,-6.518,0,0.0184,0,0.158,0.389,111.995,251467,4
Youngblood,5 Seconds of Summer,70,4/12/18,0.596,0.854,7,-5.114,0,0.0169,0,0.124,0.152,120.274,203418,4
I Feel It Coming,Daft Punk,80,11/25/16,0.773,0.819,0,-5.946,0,0.428,0,0.0679,0.585,92.987,269187,4
Silence,Khalid,81,8/11/17,0.52,0.761,4,-3.093,1,0.256,4.96E-06,0.17,0.286,141.971,180823,4
"Love Me Like You Do - From ""Fifty Shades Of Grey""",Ellie Goulding,62,11/6/15,0.262,0.606,8,-6.646,1,0.247,0,0.125,0.275,189.857,252534,4
Cake By The Ocean,DNCE,82,11/18/16,0.774,0.753,4,-5.446,0,0.152,0,0.0371,0.896,119.002,219147,4
Light It Up - Remix,Fuse ODG,67,11/27/15,0.747,0.877,9,-3.782,0,0.0375,0.000833,0.233,0.752,107.991,166138,4
"i hate u, i love u (feat. olivia o'brien)",Olivia O'Brien,78,3/25/16,0.492,0.275,6,-13.4,0,0.687,0,0.101,0.18,92.6,251034,4
In the Name of Love,Bebe Rexha,78,7/29/16,0.501,0.519,4,-5.88,0,0.109,0,0.454,0.168,133.99,195707,4
Side To Side,Nicki Minaj,3,5/20/16,0.65,0.736,6,-5.84,0,0.0528,0,0.235,0.613,159.173,226160,4
There's Nothing Holdin' Me Back,Shawn Mendes,86,4/20/17,0.866,0.813,11,-4.063,0,0.38,0,0.0779,0.969,121.998,199440,4
Eastside (with Halsey & Khalid),Khalid,76,7/12/18,0.56,0.68,6,-7.648,0,0.555,0,0.116,0.319,89.391,173800,4
IDGAF,Dua Lipa,79,6/2/17,0.836,0.544,7,-5.975,1,0.0403,0,0.0824,0.51,97.028,217947,4
Ride,Twenty One Pilots,82,5/15/15,0.645,0.713,6,-5.355,1,0.00835,0,0.113,0.566,74.989,214507,4
It Ain't Me (with Selena Gomez),Selena Gomez,77,2/16/17,0.64,0.533,0,-6.596,1,0.119,0,0.0864,0.515,99.968,220781,4
Chandelier,Sia,79,7/4/14,0.399,0.787,1,-2.88,1,0.0197,6.07E-05,0.0685,0.572,117.089,216120,5
I Don't Wanna Live Forever (Fifty Shades Darker),Taylor Swift,79,11/9/17,0.731,0.445,0,-8.418,1,0.0586,1.96E-05,0.14,0.106,117.97,247160,4
Rockabye (feat. Sean Paul & Anne-Marie),Anne-Marie,76,10/21/16,0.72,0.763,9,-4.068,0,0.406,0,0.18,0.742,101.965,251088,4
I Fall Apart,Post Malone,79,12/9/16,0.556,0.538,8,-5.408,0,0.0689,0,0.196,0.291,143.95,223347,4
Attention,Charlie Puth,82,5/11/18,0.775,0.613,3,-4.586,0,0.109,2.33E-05,0.134,0.797,100.066,208787,4
Dance Monkey,Tones And I,74,8/29/19,0.824,0.588,6,-6.4,0,0.692,0.000104,0.149,0.513,98.027,209438,4
Too Good At Goodbyes,Sam Smith,73,11/3/17,0.681,0.372,5,-8.237,1,0.64,0,0.169,0.476,91.873,201000,4
7 Years,Lukas Graham,79,4/1/16,0.765,0.473,10,-5.829,1,0.287,0,0.391,0.34,119.992,237300,4
Let Her Go,Passenger,51,2/17/13,0.479,0.545,7,-7.346,1,0.365,0,0.0963,0.243,74.897,252733,4
Cold Water,MO,68,7/22/16,0.608,0.798,6,-5.092,0,0.0736,0,0.156,0.501,92.943,185360,4
Treat You Better,Shawn Mendes,83,4/20/17,0.444,0.819,10,-4.078,0,0.106,0,0.107,0.747,82.695,187973,4
Congratulations,Quavo,82,12/9/16,0.63,0.804,6,-4.183,1,0.215,0,0.253,0.492,123.146,220293,4
Let Me Love You,Justin Bieber,83,8/5/16,0.649,0.716,8,-5.371,1,0.0863,2.63E-05,0.135,0.163,99.988,205947,4
I Took A Pill In Ibiza - Seeb Remix,Seeb,73,5/6/16,0.664,0.714,7,-6.645,0,0.0353,8.42E-06,0.0843,0.71,101.969,197933,4
Starboy,Daft Punk,87,11/25/16,0.679,0.587,7,-7.015,1,0.141,6.35E-06,0.137,0.486,186.003,230453,4
Lean On,DJ Snake,73,11/27/15,0.723,0.809,7,-3.081,0,0.00346,0.00123,0.565,0.274,98.007,176561,4
Oops!...I Did It Again,Britney Spears,78,5/16/00,0.751,0.834,1,-5.444,0,0.3,1.77E-05,0.355,0.894,95.053,211160,4
Diamonds,Rihanna,68,1/1/12,0.564,0.71,11,-4.92,0,0.00125,0,0.109,0.393,91.972,225147,4
Glad You Came,The Wanted,79,1/1/11,0.722,0.851,7,-3.873,0,0.0319,0,0.108,0.452,126.885,197936,4
Die Young,Kesha,79,11/30/12,0.711,0.7,1,-4.805,0,0.00498,0.000125,0.215,0.801,128.001,211920,4
Try,P!nk,77,9/18/12,0.674,0.628,2,-7.079,1,0.00144,0,0.0944,0.552,103.998,247907,4
Last Friday Night (T.G.I.F.),Katy Perry,74,1/1/10,0.652,0.812,3,-3.797,0,0.00125,3.01E-05,0.667,0.72,126.023,230733,4
On The Floor - Radio Edit,Pitbull,74,1/1/11,0.758,0.686,11,-6.346,1,0.0848,0.00127,0.142,0.444,130.007,230907,4
Dance Again,Pitbull,68,7/20/12,0.792,0.856,11,-5.236,0,0.0159,2.88E-06,0.0981,0.714,127.988,237267,4
Don't Wake Me Up,Chris Brown,63,7/3/12,0.602,0.691,7,-5.197,0,0.0548,0,0.144,0.206,127.967,222307,4
You Make Me Feel... (feat. Sabi),Sabi,72,8/29/11,0.668,0.857,7,-2.944,0,0.0191,6.71E-06,0.0385,0.748,131.959,215693,4
Got 2 Luv U (feat. Alexis Jordan),Alexis Jordan,65,1/24/12,0.605,0.793,7,-3.084,0,0.0825,0,0.124,0.647,184.032,196640,4
Don't Stop The Party,Black Eyed Peas,64,1/1/10,0.869,0.794,0,-6.191,1,0.0303,3.81E-06,0.07,0.656,128.022,367413,4
Hips Don't Lie (feat. Wyclef Jean),Wyclef Jean,84,11/28/05,0.778,0.824,10,-5.892,0,0.284,0,0.405,0.758,100.024,218093,4
Pump It,Black Eyed Peas,69,1/1/05,0.649,0.931,1,-3.15,0,0.0093,0,0.751,0.744,153.645,213067,4
Infinity 2008 - Greek Edition,Guru Josh Project,0,1/1/09,0.486,0.864,7,-6.009,0,0.000299,0.00572,0.351,0.489,127.996,192307,4
Not Afraid,Eminem,80,6/18/10,0.855,0.954,0,-1.19,0,0.529,0,0.205,0.668,114.635,248133,5
A Year Without Rain,Selena Gomez & The Scene,59,1/1/10,0.627,0.81,2,-5.296,0,0.0125,3.09E-05,0.111,0.409,119.98,234347,4
The Climb,Miley Cyrus,74,1/1/09,0.336,0.602,4,-6.354,1,0.0635,0,0.141,0.299,161.01,234520,4
Hung Up,Madonna,76,11/11/05,0.649,0.647,9,-7.695,0,0.0039,0.161,0.0686,0.405,125.02,337733,4
Lucky,Colbie Caillat,67,5/1/08,0.625,0.414,0,-8.7,1,0.294,0,0.151,0.669,130.088,189613,4
Stereo Love - Radio Edit,Vika Jigulina,0,2009,0.775,0.726,9,-5.629,1,0.0399,0.0235,0.11,0.206,126.999,185120,4
We No Speak Americano (JT Radio Edit),DCup,0,7/17/10,0.901,0.805,6,-5.005,1,0.0712,0.0812,0.0923,0.737,124.996,157438,4
Now You're Gone (feat. DJ Mental Theos Bazzheadz) - Radio Edit,DJ Mental Theos Bazzheadz,56,2006,0.432,0.959,7,-6.228,1,0.0266,0,0.101,0.275,139.846,206227,4
All The Things She Said,t.A.T.u.,79,2002,0.603,0.834,5,-5.766,0,0.0411,0.00609,0.105,0.376,89.957,214440,4
Stan,Dido,84,5/23/00,0.78,0.768,6,-4.325,0,0.0371,2.34E-06,0.518,0.507,80.063,404107,4
Don't Stop The Music,Rihanna,80,6/2/08,0.835,0.669,6,-5.582,0,0.0336,6.92E-05,0.0535,0.542,122.668,267080,4
Snow (Hey Oh),Red Hot Chili Peppers,80,5/9/06,0.427,0.9,11,-3.674,1,0.116,1.75E-05,0.119,0.599,104.655,334667,4
It Wasn't Me,Rik Rok,78,8/8/00,0.853,0.606,0,-4.596,1,0.0561,0,0.313,0.654,94.759,227600,4
I Want It That Way,Backstreet Boys,81,5/18/99,0.689,0.694,6,-5.83,0,0.257,0,0.148,0.482,99.039,213307,4
Tuesday (feat. Danelle Sandoval),Danelle Sandoval,73,9/2/16,0.841,0.639,9,-6.052,0,0.0156,0.0654,0.0545,0.675,99.002,241875,4
Baby (feat. MARINA & Luis Fonsi),Luis Fonsi,61,11/2/18,0.755,0.74,0,-5.354,0,0.356,1.05E-05,0.0994,0.33,116.946,205440,4
Follow You,Imagine Dragons,73,3/12/21,0.542,0.732,9,-5.956,1,0.00209,7.92E-05,0.496,0.489,124.912,175644,4
Sacrifice,Bebe Rexha,66,3/5/21,0.659,0.877,11,-5.089,0,0.0878,0,0.094,0.471,119.992,160871,4
Cover Me In Sunshine,Willow Sage Hart,76,2/12/21,0.476,0.594,5,-6.879,1,0.0599,0,0.0785,0.314,159.702,141050,4
Floating Through Space,David Guetta,67,2/4/21,0.575,0.844,6,-4.89,0,0.00172,0,0.114,0.277,104.914,177801,4
Minefields,John Legend,68,11/5/20,0.476,0.686,1,-5.019,0,0.183,0,0.0997,0.243,152.617,190606,4
Don't Play,Digital Farm Animals,62,1/15/21,0.695,0.784,6,-6.564,0,0.0889,0,0.0843,0.52,128.031,188581,4
Chosen (feat. Ty Dolla $ign),Ty Dolla $ign,78,12/4/20,0.571,0.767,2,-5.16,1,0.336,0,0.0809,0.605,93.421,161684,4
Fake A Smile,salem ilese,63,2/19/21,0.447,0.553,0,-4.817,1,0.212,0,0.165,0.252,149.877,168118,4
indica,Alaina Castillo,33,3/26/21,0.616,0.729,7,-4.807,1,0.576,0,0.22,0.332,84.989,205627,4
Deal With It (feat. Kelis),Kelis,51,1/12/21,0.712,0.689,1,-5.286,0,0.141,0,0.657,0.49,82.98,191149,4
Lifestyle (feat. Adam Levine),Maroon 5,71,1/21/21,0.749,0.674,10,-5.128,0,0.0209,0,0.169,0.711,123.055,153865,4
What Other People Say,Demi Lovato,71,2/4/21,0.652,0.472,7,-8.084,1,0.158,0,0.121,0.24,126.904,194890,4
Girls Like Us,Zoe Wees,69,1/12/21,0.444,0.648,1,-4.955,1,0.288,0,0.059,0.171,125.706,189000,5
Vibez,ZAYN,62,1/8/21,0.635,0.659,7,-7.499,1,0.242,0.0285,0.105,0.34,96.855,163127,4
Love Revolution,Jennifer Chatham,19,5/21/20,0.501,0.668,11,-6.119,1,0.0749,0.003,0.133,0.0959,139.95,264000,4
Wasted,Krysta Youngs,17,11/20/20,0.622,0.793,7,-6.403,0,0.19,0,0.362,0.508,127.981,240000,4
Skin,Sabrina Carpenter,71,1/22/21,0.557,0.457,7,-5.372,1,0.428,0,0.0567,0.328,105.918,177500,4
Hey Boy,Sia,44,11/19/20,0.572,0.623,8,-4.828,1,0.0544,0,0.0865,0.594,185.812,149469,4
Sleepwalking,Chiiild,0,3/24/21,0.712,0.71,11,-5.401,0,0.0277,0.817,0.257,0.782,119.996,167733,4
Treat People With Kindness,Harry Styles,73,12/13/19,0.653,0.869,5,-3.725,1,0.128,2.20E-05,0.046,0.697,122.017,197347,4
Overdrive,Conan Gray,72,2/19/21,0.568,0.788,5,-6.28,1,0.0101,0,0.141,0.46,104.959,183070,4
Broken Melody,Alicya Manu,9,3/26/21,0.597,0.386,9,-8.73,1,0.247,0.0163,0.16,0.237,74.011,181055,4
Love Not War (The Tampa Beat),Nuka,72,11/20/20,0.738,0.85,8,-3.049,1,0.105,0,0.23,0.865,98.013,192921,4
As Long As We're Together,Alwz Snny,14,10/9/20,0.522,0.695,9,-7.512,1,0.216,0,0.0795,0.516,127.95,236250,4
Golden,Harry Styles,84,12/13/19,0.448,0.838,4,-5.257,0,0.21,0.000131,0.131,0.254,139.863,208907,4
Train Wreck,James Arthur,80,10/28/16,0.311,0.485,6,-5.726,0,0.701,0,0.0726,0.225,77.355,208827,4
Anyone,Justin Bieber,3,4/2/21,0.686,0.538,2,-8.026,1,0.181,3.13E-06,0.113,0.584,115.884,190779,4
Fever,Angele,70,10/29/20,0.868,0.693,6,-7.052,0,0.0597,0.00399,0.106,0.396,114.999,156911,4
Who's Laughing Now,Ava Max,69,9/18/20,0.648,0.641,7,-5.521,1,0.00565,3.63E-06,0.109,0.505,184.021,180348,4
Jealous (feat. Rico Nasty),Rico Nasty,50,2/17/21,0.779,0.714,1,-6.707,1,0.561,0.0129,0.112,0.481,89.973,199680,4
"Lemonade (feat. Anuel AA, Gunna, Don Toliver & NAV) - Latin Remix",NAV,52,11/20/20,0.795,0.631,1,-5.832,0,0.294,0,0.111,0.502,139.975,278454,4
Wonder,Shawn Mendes,10,4/2/21,0.333,0.637,1,-4.904,0,0.131,1.80E-05,0.149,0.132,139.898,172693,4
Head Shoulders Knees & Toes (feat. Norma Jean Martine),Norma Jean Martine,63,5/8/20,0.798,0.828,2,-5.36,1,0.0247,2.55E-06,0.121,0.6,124.962,156960,4
Tick Tock (feat. 24kGoldn),24kGoldn,74,8/21/20,0.779,0.705,0,-3.895,1,0.369,7.91E-06,0.124,0.946,101.022,178374,4
Arcade,Duncan Laurence,80,3/7/19,0.45,0.329,9,-12.603,0,0.818,0.00109,0.135,0.266,71.884,183624,3
lie to me,Ali Gatie,65,10/14/20,0.642,0.392,4,-7.846,0,0.0151,0,0.352,0.0479,138.065,177440,4
All We Got (feat. KIDDO),KIDDO,67,10/16/20,0.504,0.76,4,-4.246,1,0.286,0,0.151,0.64,183.933,190218,4
Ashes,Stellar,75,5/3/20,0.712,0.568,5,-7.864,0,0.0947,0,0.169,0.46,130.019,166356,4
Love Again,Dua Lipa,13,4/2/21,0.659,0.667,11,-4.668,0,0.00173,2.85E-05,0.1,0.468,115.982,258004,4
Parachute,Sincerely Collins,41,1/16/20,0.547,0.875,8,-2.983,1,0.173,2.73E-05,0.268,0.542,128.001,277551,4
Don't Say Goodbye (feat. Tove Lo),Tove Lo,74,9/25/20,0.698,0.719,0,-4.923,0,0.00829,4.01E-06,0.326,0.364,120.062,186700,4
Cry About It Later,Katy Perry,51,8/28/20,0.699,0.669,2,-5.829,0,0.0794,1.71E-05,0.248,0.444,125.994,189773,4
Salt,Ava Max,71,9/18/20,0.693,0.835,6,-3.242,1,0.131,0,0.073,0.744,128.052,180283,4
Sour Candy (with BLACKPINK),BLACKPINK,69,5/29/20,0.752,0.87,9,-3.812,0,0.0604,1.12E-05,0.489,0.784,120.006,157707,4
Tucked,Katy Perry,54,8/28/20,0.775,0.68,7,-5.155,1,0.00544,0,0.047,0.929,123.005,187436,4
Too Much (feat. Usher),Usher,62,10/23/20,0.712,0.891,6,-2.76,0,0.00415,0,0.258,0.735,126.012,165704,4
Be Like That - feat. Swae Lee & Khalid,Khalid,76,7/10/20,0.727,0.626,7,-8.415,1,0.0469,2.58E-05,0.126,0.322,86.97,191406,4
It's Ok If You Forget Me,Astrid S,68,9/18/20,0.562,0.379,6,-7.625,1,0.526,0,0.151,0.258,171.848,204989,4
The One That You Love,LP,38,7/23/20,0.357,0.628,5,-7.166,0,0.0101,0.00573,0.24,0.544,183.91,223427,3
Fly Away,Tones And I,70,11/13/20,0.806,0.513,4,-6.208,1,0.217,0,0.217,0.503,124.988,178157,4
All About Us,t.A.T.u.,58,1/1/05,0.492,0.888,7,-4.631,0,0.426,2.56E-06,0.316,0.793,162.137,180930,4